<?xml version="1.0"?>

<!DOCTYPE MODE SYSTEM "xmode.dtd">

<!--Based on Syntax file for Stata v9.x. and 10.x from the jedit community
	Original by Glenn Hoetker, Updated by Jesse Hamner
	Updated by goebbe 	version 2010/07
	Thanks to Elliott Lowy sharing macro/string/quote support
-->

<!--You should put the following two lines into your jedit/modes/catalog file:
	<MODE NAME="stata"	FILE="stata.xml" 
	FILE_NAME_GLOB="*.{do,ado,mata}" />
-->


<MODE>
	<PROPS>
		<PROPERTY NAME="commentStart" VALUE="/*" />
		<PROPERTY NAME="commentEnd" VALUE="*/" />
		<PROPERTY NAME="lineComment" VALUE="* " />
		<PROPERTY NAME="indentOpenBrackets" VALUE="{" />
		<PROPERTY NAME="indentCloseBrackets" VALUE="}" />
		<PROPERTY NAME="doubleBracketIndent" VALUE="false" />
		<PROPERTY NAME="wordBreakChars" VALUE=",+-=&lt;&gt;/?^&amp;*" />
	</PROPS>

	<!--MAIN:-->
	<RULES
		IGNORE_CASE="FALSE"
		NO_WORD_SEP="`'_?"
		HIGHLIGHT_DIGITS="TRUE"
		DIGIT_RE="(([\.]?[0-9]+)([eE]?)([-+]*)([0-9]*)) | (([0-9]+\.*[0-9]*|\.[0-9]+)([+-]?[eE]?[0-9]+)) | ((([0-9]+\.[0-9]*|\.[0-9]+))[Ee]?)"
		>
		<!--Span semicolon environment (semicolon as command-separator):-->
		<SPAN_REGEXP TYPE="KEYWORD4" DELEGATE="SEMICOLON_ENV" HASH_CHAR="#d">
				<BEGIN>#d[\s]*[;]</BEGIN>
				<END>#d cr</END>
		</SPAN_REGEXP>
		<SPAN_REGEXP TYPE="KEYWORD4" DELEGATE="SEMICOLON_ENV" HASH_CHAR="#del">
				<BEGIN>#del[\s]*[;]</BEGIN>
				<END>#del cr</END>
		</SPAN_REGEXP>
		<SPAN_REGEXP TYPE="KEYWORD4" DELEGATE="SEMICOLON_ENV" HASH_CHAR="#del">
				<BEGIN>#deli?m?i?t?[\s]*[;]</BEGIN>
				<END>#delimit cr</END>
		</SPAN_REGEXP>
		
		<!--Mata one-liner:-->
		<EOL_SPAN_REGEXP TYPE="KEYWORD1" DELEGATE="MATA_ENV" AT_WHITESPACE_END="TRUE" HASH_CHAR="mata">mata[\s]*[:]*[\s]*(?=[\w]+)</EOL_SPAN_REGEXP>
		<!--Span Mata environment:--> 
		<SPAN_REGEXP TYPE="KEYWORD3" DELEGATE="MATA_ENV" AT_WHITESPACE_END="TRUE" HASH_CHAR="mata">
				<BEGIN>mata[\s]*([:]|$)</BEGIN>
				<END>end</END>
		</SPAN_REGEXP>
		
		<!--Apply to everything else:-->
		<EOL_SPAN TYPE="COMMENT1" AT_WHITESPACE_END="TRUE">*</EOL_SPAN>
		
		<IMPORT DELEGATE="UNIVERSAL"/>
		<IMPORT DELEGATE="KEYWORDLIST"/>
		
	</RULES>

	
	<RULES SET="UNIVERSAL"
		IGNORE_CASE="FALSE" 
		NO_WORD_SEP="`'_?"
		HIGHLIGHT_DIGITS="TRUE"
		DIGIT_RE="(([\.]?[0-9]+)([eE]?)([-+]*)([0-9]*)) | (([0-9]+\.*[0-9]*|\.[0-9]+)([+-]?[eE]?[0-9]+)) | ((([0-9]+\.[0-9]*|\.[0-9]+))[Ee]?)"
		>
			
		<!-- Line comments -->
		<EOL_SPAN TYPE="COMMENT1" AT_WHITESPACE_END="TRUE">//</EOL_SPAN>
			<!--If there is code in the line before the // than tab or whitespace is required before // as a separator:-->
		<EOL_SPAN_REGEXP TYPE="COMMENT1">[\s]///</EOL_SPAN_REGEXP>
		<EOL_SPAN_REGEXP TYPE="COMMENT1">[\s]//</EOL_SPAN_REGEXP>  
		
		<!-- Multiline comment -->
		<SPAN TYPE="COMMENT2">
			<BEGIN>/*</BEGIN>
			<END>*/</END>
		</SPAN>
		
		<!--Do not highlight documented file endings:-->
		<SEQ TYPE="NULL">.ado</SEQ>	
		<SEQ TYPE="NULL">.dct</SEQ>	
		<SEQ TYPE="NULL">.do</SEQ>	
		<SEQ TYPE="NULL">.dta</SEQ>	
		<SEQ TYPE="NULL">.gph</SEQ>	
		<SEQ TYPE="NULL">.grec</SEQ>	
		<SEQ TYPE="NULL">.log</SEQ>	
		<SEQ TYPE="NULL">.mata</SEQ>	
		<SEQ TYPE="NULL">.mlib</SEQ>	
		<SEQ TYPE="NULL">.mmat</SEQ>	
		<SEQ TYPE="NULL">.mo</SEQ>	
		<SEQ TYPE="NULL">.out</SEQ>
		<SEQ TYPE="NULL">.raw</SEQ>
		<SEQ TYPE="NULL">.mo</SEQ>
		<SEQ TYPE="NULL">.smcl</SEQ>
		<SEQ TYPE="NULL">.sthlp</SEQ>
		<SEQ TYPE="NULL">.ster</SEQ>
		
		<!--Operators:-->
		<SEQ TYPE="OPERATOR">.</SEQ>
		<SEQ TYPE="OPERATOR">=</SEQ>
		<SEQ TYPE="OPERATOR">!</SEQ>
		<SEQ TYPE="OPERATOR">&gt;=</SEQ>
		<SEQ TYPE="OPERATOR">&lt;=</SEQ>
		<SEQ TYPE="OPERATOR">+</SEQ>
		<SEQ TYPE="OPERATOR">-</SEQ>
		<SEQ TYPE="OPERATOR">/</SEQ>
		<SEQ TYPE="OPERATOR">&gt;</SEQ>
		<SEQ TYPE="OPERATOR">&lt;</SEQ>
		<SEQ TYPE="OPERATOR">&amp;</SEQ>
		<SEQ TYPE="OPERATOR">|</SEQ>
		<SEQ TYPE="OPERATOR">^</SEQ>
		<SEQ TYPE="OPERATOR">~</SEQ>
		<SEQ TYPE="OPERATOR">*</SEQ>
		<SEQ TYPE="OPERATOR">;</SEQ>
		<SEQ_REGEXP TYPE="OPERATOR" HASH_CHAR="%">%[^ )]+</SEQ_REGEXP>  <!--highlight formats e.g.: %10.0f-->
		
		<SEQ TYPE="NULL">,</SEQ>
		<SEQ TYPE="NULL">]</SEQ>
		<SEQ TYPE="NULL">[</SEQ>
		<SEQ TYPE="NULL">?</SEQ>

		<!--Highlight time-series operators-->
		<!--e.g.: L. L1. L2. L(1/3). F. F1. F(2/4). D. D1. S. S1. -->
		<SEQ_REGEXP TYPE="OPERATOR" AT_WORD_START="TRUE" HASH_CHAR="L">L(([\d]*[.])|([(][\d]+/[\d]+[)][.]))</SEQ_REGEXP>
		<SEQ_REGEXP TYPE="OPERATOR" AT_WORD_START="TRUE" HASH_CHAR="F">F(([\d]*[.])|([(][\d]+/[\d]+[)][.]))</SEQ_REGEXP>
		<SEQ_REGEXP TYPE="OPERATOR" AT_WORD_START="TRUE" HASH_CHAR="D">D(([\d]*[.])|([(][\d]+/[\d]+[)][.]))</SEQ_REGEXP>
		<SEQ_REGEXP TYPE="OPERATOR" AT_WORD_START="TRUE" HASH_CHAR="S">S(([\d]*[.])|([(][\d]+/[\d]+[)][.]))</SEQ_REGEXP>
		
		<!-- Highlight variable references and declarations (macros): -->
		<!--commands that define only one macrovariables per line:-->
		<SEQ_REGEXP TYPE="LITERAL4" AT_WORD_START="TRUE" HASH_CHAR="loc">loca?l?((\s+\w+)|$)</SEQ_REGEXP>
		<SEQ_REGEXP TYPE="LITERAL4" AT_WORD_START="TRUE" HASH_CHAR="gl">glo?b?a?l?((\s+\w+)|$)</SEQ_REGEXP>
			<!--The following could also be implemented with regexp and positive lockahead - however positive lockahead is currently brocken in Sun-Java-->
		<MARK_FOLLOWING TYPE="LITERAL4" MATCH_TYPE="KEYWORD2">foreach  </MARK_FOLLOWING>
		<MARK_FOLLOWING TYPE="LITERAL4" MATCH_TYPE="KEYWORD2">foreach </MARK_FOLLOWING>
		<MARK_FOLLOWING TYPE="LITERAL4" MATCH_TYPE="KEYWORD2">forv  </MARK_FOLLOWING>
		<MARK_FOLLOWING TYPE="LITERAL4" MATCH_TYPE="KEYWORD2">forv </MARK_FOLLOWING>
		<MARK_FOLLOWING TYPE="LITERAL4" MATCH_TYPE="KEYWORD2">forvalues  </MARK_FOLLOWING>
		<MARK_FOLLOWING TYPE="LITERAL4" MATCH_TYPE="KEYWORD2">forvalues </MARK_FOLLOWING>
		<!--commands that define one or more macrovariables per line:--> 
		<SEQ_REGEXP TYPE="LITERAL4" AT_WHITESPACE_END="TRUE" HASH_CHAR="tempvar" >tempvar((\s+\w+)+|$)</SEQ_REGEXP>
		<SEQ_REGEXP TYPE="LITERAL4" AT_WHITESPACE_END="TRUE" HASH_CHAR="tempname">tempname((\s+\w+)+|$)</SEQ_REGEXP>

		<!-- To highlight global macro-variables:  (local macro variables have their own rule set)-->
		<!--e.g.: $macroname   ${macroname}nomacro  -->
		<SPAN TYPE="LITERAL4"><BEGIN>${</BEGIN><END>}</END></SPAN>
		<MARK_FOLLOWING TYPE="LITERAL4" MATCH_TYPE="RULE">$</MARK_FOLLOWING>

		<!-- Highlight Function calls -->
		<MARK_PREVIOUS TYPE="FUNCTION" MATCH_TYPE="NULL">(</MARK_PREVIOUS>
		<SEQ TYPE="NULL">)</SEQ>		

		<!-- The special conditions "set", "do", "run", "sysdir" and "shell" -->
		<SEQ_REGEXP TYPE="KEYWORD3" AT_WHITESPACE_END="TRUE" HASH_CHAR="cap"  >capt?u?r?e?[\s]+log([\s]+|$)</SEQ_REGEXP>
		<SEQ_REGEXP TYPE="KEYWORD3" AT_WHITESPACE_END="TRUE" HASH_CHAR="ru"   >run?([\s]+|$)</SEQ_REGEXP>
		<SEQ_REGEXP TYPE="KEYWORD3" AT_WORD_START="TRUE"	 HASH_CHAR="log"  >log([\s]+|$)</SEQ_REGEXP>
		<SEQ_REGEXP TYPE="KEYWORD3" AT_WORD_START="TRUE"	 HASH_CHAR="do"   >do([\s]+|$)</SEQ_REGEXP>
		<SEQ_REGEXP TYPE="KEYWORD3" AT_WORD_START="TRUE"	 HASH_CHAR="set"  >set[\s]+(obs)(([\s]+(?![\D]+))|$)</SEQ_REGEXP> <!--highlight ""set obs" 1000" but not ""set obs" = 1000""-->
		<SEQ_REGEXP TYPE="KEYWORD2" AT_WORD_START="TRUE"	 HASH_CHAR="label">label([\s]+(drop)([\s]+|$))</SEQ_REGEXP> <!--highlight "label "drop"" as keyword2-->
		<SEQ_REGEXP TYPE="KEYWORD1" AT_WORD_START="TRUE"	 HASH_CHAR="macro">macro([\s]+(drop)([\s]+|$))</SEQ_REGEXP> <!--highlight "macro "drop"" as keyword1-->
		<SEQ_REGEXP TYPE="KEYWORD3" AT_WORD_START="TRUE"	 HASH_CHAR="drop" >drop([\s]+(?!if|[=])|$)</SEQ_REGEXP>  <!--highlight ""drop" varlist" but not ""drop" if condition"-->
		<SEQ_REGEXP TYPE="KEYWORD3" AT_WORD_START="TRUE"	 HASH_CHAR="keep" >keep([\s]+(?!if|[=])|$)</SEQ_REGEXP>  <!--highlight ""keep" varlist" but not ""keep" if condition"-->
		
		<SEQ_REGEXP TYPE="KEYWORD4" AT_WHITESPACE_END="TRUE" HASH_CHAR="set"   >set(?!([\s]+[\w]+[\s]*[=]))</SEQ_REGEXP>  <!--highlight ""set" variable 1000" but not ""set" varibale = 1000"-->
		<SEQ_REGEXP TYPE="KEYWORD4" AT_WHITESPACE_END="TRUE" HASH_CHAR="mata"  >mata[\s]+set([\s]+|$)</SEQ_REGEXP>
		<SEQ_REGEXP TYPE="KEYWORD4" AT_WHITESPACE_END="TRUE" HASH_CHAR="shell" >shell([\s]+|$)</SEQ_REGEXP>
		<SEQ_REGEXP TYPE="KEYWORD4" AT_WHITESPACE_END="TRUE" HASH_CHAR="sysdir">sysdir([\s]+|$)</SEQ_REGEXP>
		
		<!-- A few identifiers and variables -->		
		<SEQ_REGEXP TYPE="KEYWORD2" AT_WORD_START="TRUE" HASH_CHAR="c"	>c\((\w+)\)</SEQ_REGEXP>
		<SEQ_REGEXP TYPE="KEYWORD2" AT_WORD_START="TRUE" HASH_CHAR="str">str(\d+)</SEQ_REGEXP>
		
		<!-- Import rules for stings, macros and quotes (see beyond) -->		
		<IMPORT DELEGATE="STRINGMACRO"/>
	</RULES>

	
	<RULES SET="SEMICOLON_ENV" 
		IGNORE_CASE="FALSE"
		NO_WORD_SEP="`'_?"
		HIGHLIGHT_DIGITS="TRUE"
		DIGIT_RE="(([\.]?[0-9]+)([eE]?)([-+]*)([0-9]*)) | (([0-9]+\.*[0-9]*|\.[0-9]+)([+-]?[eE]?[0-9]+)) | ((([0-9]+\.[0-9]*|\.[0-9]+))[Ee]?)"
		>
		<!--The following type of comments are ONLY valid inside SEMICOLON environment:-->
		<SPAN TYPE="COMMENT1"  AT_WHITESPACE_END="TRUE">
			<BEGIN>*</BEGIN><END>;</END></SPAN>
			
		<!-- Line comments: -->
		<!-- //-line comments at the start of a line do not work reliably in semicolon environment (this is a Stata problem)-->
		<!-- e.g.: put //-comment at the line start of two successive lines at the start of semicolon environment: this will lead to an Stata(v10)-error/break-->
		<!-- if you want to enable this anyway, just uncomment the follwoing line: -->
		<!--<EOL_SPAN TYPE="COMMENT1" AT_WHITESPACE_END="TRUE">//</EOL_SPAN>-->
		<EOL_SPAN_REGEXP TYPE="COMMENT1">[\s]///</EOL_SPAN_REGEXP>
		<EOL_SPAN_REGEXP TYPE="COMMENT1">[\s]//</EOL_SPAN_REGEXP>  
			
		<IMPORT DELEGATE="UNIVERSAL"/>
		<IMPORT DELEGATE="KEYWORDLIST"/>
	</RULES>

	
	<RULES SET="MATA_ENV" 
		IGNORE_CASE="FALSE"
		NO_WORD_SEP="`'_?"
		HIGHLIGHT_DIGITS="TRUE"
		DIGIT_RE="(([\.]?[0-9]+)([eE]?)([-+]*)([0-9]*)) | (([0-9]+\.*[0-9]*|\.[0-9]+)([+-]?[eE]?[0-9]+)) | ((([0-9]+\.[0-9]*|\.[0-9]+))[Ee]?)"
		>
		<!--The following type of comment is NOT valid inside MATA environments :-->
		<!--<EOL_SPAN TYPE="COMMENT1" AT_WHITESPACE_END="TRUE">*</EOL_SPAN>-->

		<!--"do " constructs have a specific meaning in in mata-environment:--> 
		<SEQ_REGEXP TYPE="KEYWORD2" AT_WORD_START="TRUE"	 HASH_CHAR="do"  >do([\s]+|$)</SEQ_REGEXP>
		
		<!--Import universal rules - but not keywords-->
		<IMPORT DELEGATE="UNIVERSAL"/>
				
		<!-- Instead use the list of officially reserved  MATA keywords:-->
		<KEYWORDS>
		
		<KEYWORD1>array</KEYWORD1>
		<KEYWORD1>colvector</KEYWORD1>
		<KEYWORD1>external</KEYWORD1>
		<KEYWORD1>mata</KEYWORD1>
		<KEYWORD1>matrix</KEYWORD1>
		<KEYWORD1>mlib</KEYWORD1>
		<KEYWORD1>pointer</KEYWORD1>
		<KEYWORD1>real</KEYWORD1>
		<KEYWORD1>rowvector</KEYWORD1>
		<KEYWORD1>scalar</KEYWORD1>
		<KEYWORD1>string</KEYWORD1>
		<KEYWORD1>struct</KEYWORD1>
		<KEYWORD1>transmorphic</KEYWORD1>
		<KEYWORD1>vector</KEYWORD1>
		<KEYWORD1>version</KEYWORD1>
		<KEYWORD1>void</KEYWORD1>
		<KEYWORD1>delete</KEYWORD1>
		<KEYWORD1>describe</KEYWORD1>
		
		<KEYWORD2>if</KEYWORD2>
		<KEYWORD2>else</KEYWORD2>
		<KEYWORD2>for</KEYWORD2>
		<KEYWORD2>goto</KEYWORD2>
		<KEYWORD2>while</KEYWORD2>
		<KEYWORD2>this</KEYWORD2>
		<KEYWORD2>do</KEYWORD2>
		<KEYWORD2>return</KEYWORD2>
		<KEYWORD2>break</KEYWORD2>
		<KEYWORD2>continue</KEYWORD2>
		
		<KEYWORD2>add</KEYWORD2>
		<KEYWORD2>create</KEYWORD2>
		<KEYWORD2>index</KEYWORD2>
		<KEYWORD2>replace</KEYWORD2>
		<KEYWORD2>using</KEYWORD2>
	
		<KEYWORD2>byte</KEYWORD2>
		<KEYWORD2>int</KEYWORD2>
		<KEYWORD2>long</KEYWORD2>
		<KEYWORD2>float</KEYWORD2>
		<KEYWORD2>double</KEYWORD2>
		<KEYWORD2>quad</KEYWORD2>
		<KEYWORD2>short</KEYWORD2>
		<KEYWORD2>boolean</KEYWORD2>
		<KEYWORD2>complex</KEYWORD2>
		<KEYWORD2>const</KEYWORD2>
		
		<!--Other (reserved) MATA keywords:--> 
		<KEYWORD2>aggregate</KEYWORD2>
		<KEYWORD2>case</KEYWORD2>
		<KEYWORD2>catch</KEYWORD2>
		<KEYWORD2>class</KEYWORD2>
		<KEYWORD2>default</KEYWORD2>
		<KEYWORD2>delegate</KEYWORD2>
		<KEYWORD2>case</KEYWORD2>
		<KEYWORD2>eltypedef</KEYWORD2>
		<KEYWORD2>enum</KEYWORD2>
		<KEYWORD2>explicit</KEYWORD2>
		<KEYWORD2>export</KEYWORD2>
		<KEYWORD2>external</KEYWORD2>
		<KEYWORD2>friend</KEYWORD2>
		<KEYWORD2>function	</KEYWORD2>
		<KEYWORD2>inline</KEYWORD2>
		<KEYWORD2>namespace</KEYWORD2>
		<KEYWORD2>new</KEYWORD2>
		<KEYWORD2>NULL</KEYWORD2>
		<KEYWORD2>numeric</KEYWORD2>
		<KEYWORD2>operator</KEYWORD2>	
		<KEYWORD2>orgtypedef</KEYWORD2>
		<KEYWORD2>pointer</KEYWORD2>
		<KEYWORD2>polymorphic</KEYWORD2>
		<KEYWORD2>pragma</KEYWORD2>
		<KEYWORD2>private</KEYWORD2>
		<KEYWORD2>protected</KEYWORD2>
		<KEYWORD2>public</KEYWORD2>
		<KEYWORD2>signed</KEYWORD2>
		<KEYWORD2>static</KEYWORD2>
		<KEYWORD2>super</KEYWORD2>		
		<KEYWORD2>switch</KEYWORD2>
		<KEYWORD2>template</KEYWORD2>
		<KEYWORD2>throw</KEYWORD2>
		<KEYWORD2>transmorphic</KEYWORD2>
		<KEYWORD2>try</KEYWORD2>
		<KEYWORD2>typedef</KEYWORD2>
		<KEYWORD2>typename</KEYWORD2>
		<KEYWORD2>union</KEYWORD2>		
		<KEYWORD2>unsigned</KEYWORD2>		
		<KEYWORD2>virtual</KEYWORD2>
		<KEYWORD2>volatile</KEYWORD2>             
		
		</KEYWORDS>
	</RULES>
		

	<RULES SET="KEYWORDLIST" 
		IGNORE_CASE="FALSE"
		NO_WORD_SEP="`'_?"
		HIGHLIGHT_DIGITS="TRUE"
		DIGIT_RE="(([\.]?[0-9]+)([eE]?)([-+]*)([0-9]*)) | (([0-9]+\.*[0-9]*|\.[0-9]+)([+-]?[eE]?[0-9]+)) | ((([0-9]+\.[0-9]*|\.[0-9]+))[Ee]?)"
		>
		<!-- Example for "keyword"-style rules - that allows for flexible abbreviations (but are computationaly expensive):	 -->		
		<!--<SEQ_REGEXP TYPE="KEYWORD2" HASH_CHAR="bys" AT_WORD_START="TRUE">byso?r?t?([\s]+|$)</SEQ_REGEXP>
			<SEQ_REGEXP TYPE="KEYWORD2" HASH_CHAR="cap" AT_WORD_START="TRUE">capt?u?r?e?([\s]+|$)</SEQ_REGEXP>	-->
			
		<!-- This list of keywords owes much to similar files for other editors which
		members of the Stata community have so generously made freely available -->
		<KEYWORDS>
		<!-- Highlight keywords connected to files/filenames: -->
		<KEYWORD3>ap</KEYWORD3>
		<KEYWORD3>app</KEYWORD3>
		<KEYWORD3>appe</KEYWORD3>
		<KEYWORD3>appen</KEYWORD3>
		<KEYWORD3>append</KEYWORD3>
		<KEYWORD3>erase</KEYWORD3>
		<KEYWORD3>mer</KEYWORD3>
		<KEYWORD3>merg</KEYWORD3>
		<KEYWORD3>merge</KEYWORD3>
		<KEYWORD3>preserve</KEYWORD3>
		<KEYWORD3>restore</KEYWORD3>
		<KEYWORD3>rm</KEYWORD3>
		<KEYWORD3>using</KEYWORD3>
		<KEYWORD3>use</KEYWORD3>
		<KEYWORD3>save</KEYWORD3>
		<KEYWORD3>sav</KEYWORD3>
		<KEYWORD3>xmlsave</KEYWORD3>
		<KEYWORD3>xmluse</KEYWORD3>
		
		<!-- Data management and programming keywords: -->
		<KEYWORD2>_estimates</KEYWORD2>
		<KEYWORD2>_return</KEYWORD2>
		<KEYWORD2>accum</KEYWORD2>
		<KEYWORD2>adopath</KEYWORD2>
		<KEYWORD2>args</KEYWORD2>
		<KEYWORD2>break</KEYWORD2>
		<KEYWORD2>by</KEYWORD2>
		<KEYWORD2>byable</KEYWORD2>
		<KEYWORD2>bys</KEYWORD2>
		<KEYWORD2>bysort</KEYWORD2>
		<KEYWORD2>class</KEYWORD2>
		<KEYWORD2>cap</KEYWORD2>
		<KEYWORD2>capture</KEYWORD2>
		<KEYWORD2>char</KEYWORD2>
		<KEYWORD2>class</KEYWORD2>
		<KEYWORD2>classutil</KEYWORD2>
		<KEYWORD2>comments</KEYWORD2>
		<KEYWORD2>compare</KEYWORD2>
		<KEYWORD2>compress</KEYWORD2>
		<KEYWORD2>confirm</KEYWORD2>	
		<KEYWORD2>continue</KEYWORD2>
		<KEYWORD2>creturn</KEYWORD2>
		<KEYWORD2>define</KEYWORD2>
		<!--<KEYWORD2>delimit</KEYWORD2>-->
		<KEYWORD2>discard</KEYWORD2>
		<KEYWORD2>dissimilarity</KEYWORD2>
		<KEYWORD2>drop</KEYWORD2>
		<KEYWORD2>eigenvalues</KEYWORD2>
		<KEYWORD2>else</KEYWORD2>
		<KEYWORD2>end</KEYWORD2>
		<KEYWORD2>ereturn</KEYWORD2>
		<KEYWORD2>expand</KEYWORD2>
		<KEYWORD2>file</KEYWORD2>
		<KEYWORD2>findfile</KEYWORD2>
		<KEYWORD2>for</KEYWORD2>
		<KEYWORD2>foreach</KEYWORD2>
		<KEYWORD2>forvalues</KEYWORD2>
		<KEYWORD2>get</KEYWORD2>
		<KEYWORD2>if</KEYWORD2>
		<KEYWORD2>in</KEYWORD2>
		<KEYWORD2>keep</KEYWORD2>
		<KEYWORD2>lab</KEYWORD2>
		<KEYWORD2>labe</KEYWORD2>
		<KEYWORD2>label</KEYWORD2>
		<KEYWORD2>loc</KEYWORD2>
		<KEYWORD2>loca</KEYWORD2>
		<KEYWORD2>local</KEYWORD2>
		<KEYWORD2>odbc</KEYWORD2>
		<KEYWORD2>outfix</KEYWORD2>
		<KEYWORD2>program</KEYWORD2>
		<KEYWORD2>properties</KEYWORD2>
		<KEYWORD2>recode</KEYWORD2>
		<KEYWORD2>replace</KEYWORD2>
		<KEYWORD2>return</KEYWORD2>
		<KEYWORD2>rmsg</KEYWORD2>
		<KEYWORD2>rownames</KEYWORD2>
		<KEYWORD2>serset</KEYWORD2>
		<KEYWORD2>so</KEYWORD2>
		<KEYWORD2>sor</KEYWORD2>
		<KEYWORD2>sort</KEYWORD2>
		<KEYWORD2>sortpreserve</KEYWORD2>
		<KEYWORD2>svd</KEYWORD2>
		<KEYWORD2>symeigen</KEYWORD2>
		<KEYWORD2>trace</KEYWORD2>
		<KEYWORD2>unabcmd</KEYWORD2>
		<KEYWORD2>utility</KEYWORD2>
		<KEYWORD2>while</KEYWORD2>
		<KEYWORD2>runtest</KEYWORD2>

		<!-- Display keywords - most of thes keyword are covered inother sections-->
		<KEYWORD1>di</KEYWORD1>
		<KEYWORD1>disp</KEYWORD1>
		<KEYWORD1>display</KEYWORD1>
		<KEYWORD1>outtex</KEYWORD1>
		<KEYWORD1>outreg</KEYWORD1>
		<KEYWORD1>printf</KEYWORD1>
		<KEYWORD1>count</KEYWORD1>
		<KEYWORD1>describe</KEYWORD1>
		<KEYWORD1>list</KEYWORD1>
		<KEYWORD1>errprintf</KEYWORD1>
		<KEYWORD1>more</KEYWORD1>
		<KEYWORD1>cmdlog</KEYWORD1>
		<KEYWORD1>close</KEYWORD1>

		<!-- Unix-like i/o functions -->
		<LITERAL3>dir</LITERAL3>
		<LITERAL3>chdir</LITERAL3>
		<LITERAL3>mkdir</LITERAL3>
		<LITERAL3>rmdir</LITERAL3>
		<LITERAL3>pwd</LITERAL3>
		<LITERAL3>fileexists</LITERAL3>
		<LITERAL3>cat</LITERAL3>
		<LITERAL3>unlink</LITERAL3>
		<!--<LITERAL3>erase</LITERAL3>-->
		<LITERAL3>ls</LITERAL3>

		<!-- Identifiers and variables -->
		<KEYWORD2>byte</KEYWORD2>
		<KEYWORD2>int</KEYWORD2>
		<KEYWORD2>long</KEYWORD2>
		<KEYWORD2>float</KEYWORD2>
		<KEYWORD2>double</KEYWORD2>
		
		<KEYWORD1>_rc</KEYWORD1>	
		<KEYWORD1>_b</KEYWORD1>
		<KEYWORD1>_coef</KEYWORD1>
		<KEYWORD1>_cons</KEYWORD1>
		<KEYWORD1>_n</KEYWORD1>
		<KEYWORD1>_N</KEYWORD1>
		<KEYWORD1>_pi</KEYWORD1>
		<KEYWORD1>_rc</KEYWORD1>
		<KEYWORD1>_se</KEYWORD1>

		<!-- Stata statistics functions from Stata 9: -->
		<KEYWORD1>_3dax0</KEYWORD1>
		<KEYWORD1>_3daxmin</KEYWORD1>
		<KEYWORD1>_3daxout</KEYWORD1>
		<KEYWORD1>_3daxtbl</KEYWORD1>
		<KEYWORD1>_3ddflts</KEYWORD1>
		<KEYWORD1>_3dmkdta</KEYWORD1>
		<KEYWORD1>_3dmnmx</KEYWORD1>
		<KEYWORD1>_3dproj</KEYWORD1>
		<KEYWORD1>_3drproj</KEYWORD1>
		<KEYWORD1>_3drshow</KEYWORD1>
		<KEYWORD1>_3dshad</KEYWORD1>
		<KEYWORD1>_3dsvusr</KEYWORD1>
		<KEYWORD1>__GEEBT</KEYWORD1>
		<KEYWORD1>__GEERC</KEYWORD1>
		<KEYWORD1>__GEEUC</KEYWORD1>
		<KEYWORD1>_a_cls_msg</KEYWORD1>
		<KEYWORD1>_ac</KEYWORD1>
		<KEYWORD1>_addgph</KEYWORD1>
		<KEYWORD1>_addl</KEYWORD1>
		<KEYWORD1>_addop</KEYWORD1>
		<KEYWORD1>_adjksm</KEYWORD1>
		<KEYWORD1>_assert</KEYWORD1>
		<KEYWORD1>_assert_mreldif</KEYWORD1>
		<KEYWORD1>_assert_mreldifp</KEYWORD1>
		<KEYWORD1>_assert_mreldifs</KEYWORD1>
		<KEYWORD1>_assert_obs</KEYWORD1>
		<KEYWORD1>_assert_streq</KEYWORD1>
		<KEYWORD1>_at</KEYWORD1>
		<KEYWORD1>_bigtab</KEYWORD1>
		<KEYWORD1>_binperfect</KEYWORD1>
		<KEYWORD1>_binperfout</KEYWORD1>
		<KEYWORD1>_biplotmat</KEYWORD1>
		<KEYWORD1>_brr_sum</KEYWORD1>
		<KEYWORD1>_bs_display</KEYWORD1>
		<KEYWORD1>_bs_sum</KEYWORD1>
		<KEYWORD1>_bsqreg</KEYWORD1>
		<KEYWORD1>_btcmd</KEYWORD1>
		<KEYWORD1>_byobs</KEYWORD1>
		<KEYWORD1>_byoptnotallowed</KEYWORD1>
		<KEYWORD1>_ca_parse_normalize</KEYWORD1>
		<KEYWORD1>_ca_process_mlabel</KEYWORD1>
		<KEYWORD1>_callerr</KEYWORD1>
		<KEYWORD1>_cci</KEYWORD1>
		<KEYWORD1>_check4gropts</KEYWORD1>
		<KEYWORD1>_check_eformopt</KEYWORD1>
		<KEYWORD1>_choice_table</KEYWORD1>
		<KEYWORD1>_ckirfset</KEYWORD1>
		<KEYWORD1>_cknotsvaroi</KEYWORD1>
		<KEYWORD1>_ckvec</KEYWORD1>
		<KEYWORD1>_clsarr2list</KEYWORD1>
		<KEYWORD1>_cmdxel</KEYWORD1>
		<KEYWORD1>_coef_table</KEYWORD1>
		<KEYWORD1>_coef_table_header</KEYWORD1>
		<KEYWORD1>_column</KEYWORD1>
		<KEYWORD1>_confirm_date</KEYWORD1>
		<KEYWORD1>_confirm_number_or_date</KEYWORD1>
		<KEYWORD1>_copy_mat_stripes</KEYWORD1>
		<KEYWORD1>_cpmatnm</KEYWORD1>
		<KEYWORD1>_cr1form</KEYWORD1>
		<KEYWORD1>_cr1invt</KEYWORD1>
		<KEYWORD1>_cr1se</KEYWORD1>
		<KEYWORD1>_cr1t</KEYWORD1>
		<KEYWORD1>_crc2use</KEYWORD1>
		<KEYWORD1>_crc4fld</KEYWORD1>
		<KEYWORD1>_crcacnt</KEYWORD1>
		<KEYWORD1>_crcar1</KEYWORD1>
		<KEYWORD1>_crcause</KEYWORD1>
		<KEYWORD1>_crcbcrt</KEYWORD1>
		<KEYWORD1>_crcbin</KEYWORD1>
		<KEYWORD1>_crcbygr</KEYWORD1>
		<KEYWORD1>_crcchi2</KEYWORD1>
		<KEYWORD1>_crcchkt</KEYWORD1>
		<KEYWORD1>_crcchkw</KEYWORD1>
		<KEYWORD1>_crcci</KEYWORD1>
		<KEYWORD1>_crccip</KEYWORD1>
		<KEYWORD1>_crceprs</KEYWORD1>
		<KEYWORD1>_crcexn1</KEYWORD1>
		<KEYWORD1>_crcexn2</KEYWORD1>
		<KEYWORD1>_crcexn4</KEYWORD1>
		<KEYWORD1>_crcexn5</KEYWORD1>
		<KEYWORD1>_crcexn6</KEYWORD1>
		<KEYWORD1>_crcexn7</KEYWORD1>
		<KEYWORD1>_crcexn8</KEYWORD1>
		<KEYWORD1>_crcexn9</KEYWORD1>
		<KEYWORD1>_crcexna</KEYWORD1>
		<KEYWORD1>_crcexnb</KEYWORD1>
		<KEYWORD1>_crcexnc</KEYWORD1>
		<KEYWORD1>_crcexnd</KEYWORD1>
		<KEYWORD1>_crcexne</KEYWORD1>
		<KEYWORD1>_crcexnf</KEYWORD1>
		<KEYWORD1>_crcexnt</KEYWORD1>
		<KEYWORD1>_crcgldv</KEYWORD1>
		<KEYWORD1>_crcglil</KEYWORD1>
		<KEYWORD1>_crcichi</KEYWORD1>
		<KEYWORD1>_crcird</KEYWORD1>
		<KEYWORD1>_crcirr</KEYWORD1>
		<KEYWORD1>_crcksm</KEYWORD1>
		<KEYWORD1>_crclf</KEYWORD1>
		<KEYWORD1>_crcmeq</KEYWORD1>
		<KEYWORD1>_crcmiss</KEYWORD1>
		<KEYWORD1>_crcnlou</KEYWORD1>
		<KEYWORD1>_crcnms2</KEYWORD1>
		<KEYWORD1>_crcnuse</KEYWORD1>
		<KEYWORD1>_crcor</KEYWORD1>
		<KEYWORD1>_crcphdr</KEYWORD1>
		<KEYWORD1>_crcplst</KEYWORD1>
		<KEYWORD1>_crcra</KEYWORD1>
		<KEYWORD1>_crcrd</KEYWORD1>
		<KEYWORD1>_crcrnfd</KEYWORD1>
		<KEYWORD1>_crcrr</KEYWORD1>
		<KEYWORD1>_crcrsfl</KEYWORD1>
		<KEYWORD1>_crcseq</KEYWORD1>
		<KEYWORD1>_crcshdr</KEYWORD1>
		<KEYWORD1>_crcslbl</KEYWORD1>
		<KEYWORD1>_crcsrv2</KEYWORD1>
		<KEYWORD1>_crcsrvc</KEYWORD1>
		<KEYWORD1>_crcstep</KEYWORD1>
		<KEYWORD1>_crcswxx</KEYWORD1>
		<KEYWORD1>_crct</KEYWORD1>
		<KEYWORD1>_crctmge</KEYWORD1>
		<KEYWORD1>_crcunab</KEYWORD1>
		<KEYWORD1>_crcunit</KEYWORD1>
		<KEYWORD1>_crcvarl</KEYWORD1>
		<KEYWORD1>_crcwsrv</KEYWORD1>
		<KEYWORD1>_crczsku</KEYWORD1>
		<KEYWORD1>_cu_c0</KEYWORD1>
		<KEYWORD1>_cvar</KEYWORD1>
		<KEYWORD1>_date2elapsed</KEYWORD1>
		<KEYWORD1>_diag2mat</KEYWORD1>
		<KEYWORD1>_diparm</KEYWORD1>
		<KEYWORD1>_diparm_8</KEYWORD1>
		<KEYWORD1>_dm_create</KEYWORD1>
		<KEYWORD1>_dots</KEYWORD1>
		<KEYWORD1>_e2r</KEYWORD1>
		<KEYWORD1>_egennoby</KEYWORD1>
		<KEYWORD1>_evlist</KEYWORD1>
		<KEYWORD1>_exp_list_expand</KEYWORD1>
		<KEYWORD1>_exp_list_parse</KEYWORD1>
		<KEYWORD1>_find_tsops</KEYWORD1>
		<KEYWORD1>_fr_area_parse_and_log</KEYWORD1>
		<KEYWORD1>_fr_aspect_parse_and_log</KEYWORD1>
		<KEYWORD1>_fr_draw_rect</KEYWORD1>
		<KEYWORD1>_fr_droplines_draw</KEYWORD1>
		<KEYWORD1>_fr_erasearr</KEYWORD1>
		<KEYWORD1>_fr_legend_parse_and_log</KEYWORD1>
		<KEYWORD1>_fr_merged_implicit</KEYWORD1>
		<KEYWORD1>_fr_runlog</KEYWORD1>
		<KEYWORD1>_fr_sztextbox_parse_and_log</KEYWORD1>
		<KEYWORD1>_fr_tbstyle_parse_and_log</KEYWORD1>
		<KEYWORD1>_fr_tedits_parse_and_log</KEYWORD1>
		<KEYWORD1>_fr_textbox_parse_and_log</KEYWORD1>
		<KEYWORD1>_fr_title_parse_and_log</KEYWORD1>
		<KEYWORD1>_fr_x_log_cleanup</KEYWORD1>
		<KEYWORD1>_fr_x_log_create</KEYWORD1>
		<KEYWORD1>_fracchk</KEYWORD1>
		<KEYWORD1>_fraccox</KEYWORD1>
		<KEYWORD1>_fracddp</KEYWORD1>
		<KEYWORD1>_fracdis</KEYWORD1>
		<KEYWORD1>_fracdv</KEYWORD1>
		<KEYWORD1>_fracin</KEYWORD1>
		<KEYWORD1>_fracmdp</KEYWORD1>
		<KEYWORD1>_fracord</KEYWORD1>
		<KEYWORD1>_fracpp</KEYWORD1>
		<KEYWORD1>_fracpv</KEYWORD1>
		<KEYWORD1>_fracrep</KEYWORD1>
		<KEYWORD1>_fracwgt</KEYWORD1>
		<KEYWORD1>_fracxo</KEYWORD1>
		<KEYWORD1>_frr_sztextbox_pnl</KEYWORD1>
		<KEYWORD1>_gany</KEYWORD1>
		<KEYWORD1>_ganycount</KEYWORD1>
		<KEYWORD1>_ganymatch</KEYWORD1>
		<KEYWORD1>_ganyvalue</KEYWORD1>
		<KEYWORD1>_gconcat</KEYWORD1>
		<KEYWORD1>_gcount</KEYWORD1>
		<KEYWORD1>_gcut</KEYWORD1>
		<KEYWORD1>_gdiff</KEYWORD1>
		<KEYWORD1>_gends</KEYWORD1>
		<KEYWORD1>_geqany</KEYWORD1>
		<KEYWORD1>_get_diparmopts</KEYWORD1>
		<KEYWORD1>_get_diparmopts_8</KEYWORD1>
		<KEYWORD1>_get_eformopts</KEYWORD1>
		<KEYWORD1>_get_eqspec</KEYWORD1>
		<KEYWORD1>_get_gropts</KEYWORD1>
		<KEYWORD1>_get_irf</KEYWORD1>
		<KEYWORD1>_get_offopt</KEYWORD1>
		<KEYWORD1>_getbv</KEYWORD1>
		<KEYWORD1>_getcovcorr</KEYWORD1>
		<KEYWORD1>_getfilename</KEYWORD1>
		<KEYWORD1>_getnewlabelname</KEYWORD1>
		<KEYWORD1>_getrhs</KEYWORD1>
		<KEYWORD1>_getrres</KEYWORD1>
		<KEYWORD1>_getvarcns</KEYWORD1>
		<KEYWORD1>_getxel</KEYWORD1>
		<KEYWORD1>_getxel2</KEYWORD1>
		<KEYWORD1>_gfill</KEYWORD1>
		<KEYWORD1>_ggroup</KEYWORD1>
		<KEYWORD1>_giqr</KEYWORD1>
		<KEYWORD1>_gkurt</KEYWORD1>
		<KEYWORD1>_gladder</KEYWORD1>
		<KEYWORD1>_glmfl</KEYWORD1>
		<KEYWORD1>_glmilnk</KEYWORD1>
		<KEYWORD1>_glmmapf</KEYWORD1>
		<KEYWORD1>_glmmapl</KEYWORD1>
		<KEYWORD1>_glmresd</KEYWORD1>
		<KEYWORD1>_glmrpt</KEYWORD1>
		<KEYWORD1>_glmwgt</KEYWORD1>
		<KEYWORD1>_gm_edit</KEYWORD1>
		<KEYWORD1>_gm_log</KEYWORD1>
		<KEYWORD1>_gma</KEYWORD1>
		<KEYWORD1>_gmad</KEYWORD1>
		<KEYWORD1>_gmax</KEYWORD1>
		<KEYWORD1>_gmdev</KEYWORD1>
		<KEYWORD1>_gmdmean</KEYWORD1>
		<KEYWORD1>_gmdmed</KEYWORD1>
		<KEYWORD1>_gmean</KEYWORD1>
		<KEYWORD1>_gmedian</KEYWORD1>
		<KEYWORD1>_gmin</KEYWORD1>
		<KEYWORD1>_gmode</KEYWORD1>
		<KEYWORD1>_gmtr</KEYWORD1>
		<KEYWORD1>_gneqany</KEYWORD1>
		<KEYWORD1>_gpc</KEYWORD1>
		<KEYWORD1>_gpctile</KEYWORD1>
		<KEYWORD1>_gr_arrowhead</KEYWORD1>
		<KEYWORD1>_gr_atomize_styles</KEYWORD1>
		<KEYWORD1>_gr_common_axes</KEYWORD1>
		<KEYWORD1>_gr_drawrect</KEYWORD1>
		<KEYWORD1>_gr_linkstyles</KEYWORD1>
		<KEYWORD1>_gr_symbol_of</KEYWORD1>
		<KEYWORD1>_grank</KEYWORD1>
		<KEYWORD1>_grank2</KEYWORD1>
		<KEYWORD1>_grfirst</KEYWORD1>
		<KEYWORD1>_grlast</KEYWORD1>
		<KEYWORD1>_grmax</KEYWORD1>
		<KEYWORD1>_grmean</KEYWORD1>
		<KEYWORD1>_grmin</KEYWORD1>
		<KEYWORD1>_grmiss</KEYWORD1>
		<KEYWORD1>_grmiss2</KEYWORD1>
		<KEYWORD1>_grobs</KEYWORD1>
		<KEYWORD1>_growfirst</KEYWORD1>
		<KEYWORD1>_growlast</KEYWORD1>
		<KEYWORD1>_growmax</KEYWORD1>
		<KEYWORD1>_growmean</KEYWORD1>
		<KEYWORD1>_growmin</KEYWORD1>
		<KEYWORD1>_growmiss</KEYWORD1>
		<KEYWORD1>_grownonmiss</KEYWORD1>
		<KEYWORD1>_growsd</KEYWORD1>
		<KEYWORD1>_growtotal</KEYWORD1>
		<KEYWORD1>_grsd</KEYWORD1>
		<KEYWORD1>_grsum</KEYWORD1>
		<KEYWORD1>_gs_addgrname</KEYWORD1>
		<KEYWORD1>_gs_bygraph</KEYWORD1>
		<KEYWORD1>_gs_clean_graphlist</KEYWORD1>
		<KEYWORD1>_gs_default_bands</KEYWORD1>
		<KEYWORD1>_gs_islivefile</KEYWORD1>
		<KEYWORD1>_gs_parse_and_log_axoptions</KEYWORD1>
		<KEYWORD1>_gs_parse_and_log_axtitle</KEYWORD1>
		<KEYWORD1>_gs_parse_and_log_lines</KEYWORD1>
		<KEYWORD1>_gs_parse_and_log_tickset</KEYWORD1>
		<KEYWORD1>_gs_rdfilehdr</KEYWORD1>
		<KEYWORD1>_gs_wrfilehdr</KEYWORD1>
		<KEYWORD1>_gs_x_create</KEYWORD1>
		<KEYWORD1>_gsd</KEYWORD1>
		<KEYWORD1>_gseq</KEYWORD1>
		<KEYWORD1>_gskew</KEYWORD1>
		<KEYWORD1>_gsrank</KEYWORD1>
		<KEYWORD1>_gstd</KEYWORD1>
		<KEYWORD1>_gsum</KEYWORD1>
		<KEYWORD1>_gtag</KEYWORD1>
		<KEYWORD1>_gtma</KEYWORD1>
		<KEYWORD1>_gtotal</KEYWORD1>
		<KEYWORD1>_gtrank</KEYWORD1>
		<KEYWORD1>_hadamard_verify</KEYWORD1>
		<KEYWORD1>_hu</KEYWORD1>
		<KEYWORD1>_hub</KEYWORD1>
		<KEYWORD1>_hube</KEYWORD1>
		<KEYWORD1>_huber</KEYWORD1>
		<KEYWORD1>_hw_comp</KEYWORD1>
		<KEYWORD1>_hw_opt_d0</KEYWORD1>
		<KEYWORD1>_hwsa_comp</KEYWORD1>
		<KEYWORD1>_hwsa_opt_d0</KEYWORD1>
		<KEYWORD1>_hwsm_comp</KEYWORD1>
		<KEYWORD1>_hwsm_opt_d0</KEYWORD1>
		<KEYWORD1>_inlist</KEYWORD1>
		<KEYWORD1>_invlist</KEYWORD1>
		<KEYWORD1>_isfit</KEYWORD1>
		<KEYWORD1>_ivreg_project</KEYWORD1>
		<KEYWORD1>_jk_nlegend</KEYWORD1>
		<KEYWORD1>_jk_pseudo</KEYWORD1>
		<KEYWORD1>_jk_sum</KEYWORD1>
		<KEYWORD1>_jprfpdt</KEYWORD1>
		<KEYWORD1>_jprfpdx</KEYWORD1>
		<KEYWORD1>_jprfpfp</KEYWORD1>
		<KEYWORD1>_jprfpgn</KEYWORD1>
		<KEYWORD1>_jprfpin</KEYWORD1>
		<KEYWORD1>_jprfplx</KEYWORD1>
		<KEYWORD1>_jprfpmm</KEYWORD1>
		<KEYWORD1>_jprfppp</KEYWORD1>
		<KEYWORD1>_jprfpre</KEYWORD1>
		<KEYWORD1>_jprfprp</KEYWORD1>
		<KEYWORD1>_jprfpse</KEYWORD1>
		<KEYWORD1>_jprfptp</KEYWORD1>
		<KEYWORD1>_jprfpxo</KEYWORD1>
		<KEYWORD1>_jprglef</KEYWORD1>
		<KEYWORD1>_jprglfl</KEYWORD1>
		<KEYWORD1>_jprglil</KEYWORD1>
		<KEYWORD1>_jprglld</KEYWORD1>
		<KEYWORD1>_jprglwz</KEYWORD1>
		<KEYWORD1>_jprxrpa</KEYWORD1>
		<KEYWORD1>_kalman1</KEYWORD1>
		<KEYWORD1>_ksmwrk</KEYWORD1>
		<KEYWORD1>_labels2names</KEYWORD1>
		<KEYWORD1>_ldrtest</KEYWORD1>
		<KEYWORD1>_linemax</KEYWORD1>
		<KEYWORD1>_line</KEYWORD1>
		<KEYWORD1>_lines</KEYWORD1>
		<KEYWORD1>_loop_brr</KEYWORD1>
		<KEYWORD1>_loop_jknife</KEYWORD1>
		<KEYWORD1>_loop_jknife2</KEYWORD1>
		<KEYWORD1>_loop_jknife_fw</KEYWORD1>
		<KEYWORD1>_loop_jknife_iw</KEYWORD1>
		<KEYWORD1>_loop_rw</KEYWORD1>
		<KEYWORD1>_lrtest7</KEYWORD1>
		<KEYWORD1>_m2matrix</KEYWORD1>
		<KEYWORD1>_m2scalar</KEYWORD1>
		<KEYWORD1>_maked</KEYWORD1>
		<KEYWORD1>_mat_clean_coleq</KEYWORD1>
		<KEYWORD1>_matplot</KEYWORD1>
		<KEYWORD1>_matsort</KEYWORD1>
		<KEYWORD1>_mdisplay</KEYWORD1>
		<KEYWORD1>_mds_classical</KEYWORD1>
		<KEYWORD1>_mds_dataheader</KEYWORD1>
		<KEYWORD1>_mds_display</KEYWORD1>
		<KEYWORD1>_mds_display_classical</KEYWORD1>
		<KEYWORD1>_mds_euclidean</KEYWORD1>
		<KEYWORD1>_mds_parse_dopts</KEYWORD1>
		<KEYWORD1>_mds_parse_method</KEYWORD1>
		<KEYWORD1>_mds_parse_s2d</KEYWORD1>
		<KEYWORD1>_mds_s2d</KEYWORD1>
		<KEYWORD1>_me_der</KEYWORD1>
		<KEYWORD1>_me_der2</KEYWORD1>
		<KEYWORD1>_me_derb</KEYWORD1>
		<KEYWORD1>_me_derd</KEYWORD1>
		<KEYWORD1>_me_l_der</KEYWORD1>
		<KEYWORD1>_me_l_der2</KEYWORD1>
		<KEYWORD1>_mfrmvec</KEYWORD1>
		<KEYWORD1>_mka2</KEYWORD1>
		<KEYWORD1>_mkg</KEYWORD1>
		<KEYWORD1>_mkkmn</KEYWORD1>
		<KEYWORD1>_mksigma</KEYWORD1>
		<KEYWORD1>_mkvec</KEYWORD1>
		<KEYWORD1>_mprobitestimator</KEYWORD1>
		<KEYWORD1>_mtest</KEYWORD1>
		<KEYWORD1>_mvec</KEYWORD1>
		<KEYWORD1>_newey</KEYWORD1>
		<KEYWORD1>_nlout</KEYWORD1>
		<KEYWORD1>_no_estat</KEYWORD1>
		<KEYWORD1>_no_predict</KEYWORD1>
		<KEYWORD1>_nobs</KEYWORD1>
		<KEYWORD1>_on_colon_parse</KEYWORD1>
		<KEYWORD1>_opnum</KEYWORD1>
		<KEYWORD1>_parmlist</KEYWORD1>
		<KEYWORD1>_parse_optexp</KEYWORD1>
		<KEYWORD1>_parsevl</KEYWORD1>
		<KEYWORD1>_parsewt</KEYWORD1>
		<KEYWORD1>_partset</KEYWORD1>
		<KEYWORD1>_pctile</KEYWORD1>
		<KEYWORD1>_pk_p</KEYWORD1>
		<KEYWORD1>_plotpos</KEYWORD1>
		<KEYWORD1>_pred_me</KEYWORD1>
		<KEYWORD1>_pred_missings</KEYWORD1>
		<KEYWORD1>_pred_rules</KEYWORD1>
		<KEYWORD1>_pred_se</KEYWORD1>
		<KEYWORD1>_predict</KEYWORD1>
		<KEYWORD1>_prefix_check4esample</KEYWORD1>
		<KEYWORD1>_prefix_checkopt</KEYWORD1>
		<KEYWORD1>_prefix_clear</KEYWORD1>
		<KEYWORD1>_prefix_command</KEYWORD1>
		<KEYWORD1>_prefix_depvarblocklist</KEYWORD1>
		<KEYWORD1>_prefix_display</KEYWORD1>
		<KEYWORD1>_prefix_expand</KEYWORD1>
		<KEYWORD1>_prefix_explist</KEYWORD1>
		<KEYWORD1>_prefix_footnote</KEYWORD1>
		<KEYWORD1>_prefix_getchars</KEYWORD1>
		<KEYWORD1>_prefix_getmat</KEYWORD1>
		<KEYWORD1>_prefix_legend</KEYWORD1>
		<KEYWORD1>_prefix_mlogit</KEYWORD1>
		<KEYWORD1>_prefix_model_test</KEYWORD1>
		<KEYWORD1>_prefix_note</KEYWORD1>
		<KEYWORD1>_prefix_reject</KEYWORD1>
		<KEYWORD1>_prefix_relabel_eqns</KEYWORD1>
		<KEYWORD1>_prefix_run_error</KEYWORD1>
		<KEYWORD1>_prefix_saving</KEYWORD1>
		<KEYWORD1>_prefix_title</KEYWORD1>
		<KEYWORD1>_prefix_varblocklist</KEYWORD1>
		<KEYWORD1>_prefix_vcenotallowed</KEYWORD1>
		<KEYWORD1>_qreg</KEYWORD1>
		<KEYWORD1>_qregwls</KEYWORD1>
		<KEYWORD1>_qsort_index</KEYWORD1>
		<KEYWORD1>_qsur</KEYWORD1>
		<KEYWORD1>_r2e</KEYWORD1>
		<KEYWORD1>_repart</KEYWORD1>
		<KEYWORD1>_repost</KEYWORD1>
		<KEYWORD1>_resample_warn</KEYWORD1>
		<KEYWORD1>_restore_labels</KEYWORD1>
		<KEYWORD1>_result</KEYWORD1>
		<KEYWORD1>_returnclear</KEYWORD1>
		<KEYWORD1>_rmcoll</KEYWORD1>
		<KEYWORD1>_rmcollright</KEYWORD1>
		<KEYWORD1>_rmdcoll</KEYWORD1>
		<KEYWORD1>_robksm</KEYWORD1>
		<KEYWORD1>_robust</KEYWORD1>
		<KEYWORD1>_robust2</KEYWORD1>
		<KEYWORD1>_roccom1</KEYWORD1>
		<KEYWORD1>_roccom1_8</KEYWORD1>
		<KEYWORD1>_rocsen</KEYWORD1>
		<KEYWORD1>_rotate_clear</KEYWORD1>
		<KEYWORD1>_rotate_text</KEYWORD1>
		<KEYWORD1>_score_spec</KEYWORD1>
		<KEYWORD1>_sep_varsylags</KEYWORD1>
		<KEYWORD1>_set_irf_vars</KEYWORD1>
		<KEYWORD1>_sfran</KEYWORD1>
		<KEYWORD1>_shortenpath</KEYWORD1>
		<KEYWORD1>_sigfm</KEYWORD1>
		<KEYWORD1>_small2dotz</KEYWORD1>
		<KEYWORD1>_stata_internalerror</KEYWORD1>
		<KEYWORD1>_stcurv</KEYWORD1>
		<KEYWORD1>_strip_labels</KEYWORD1>
		<KEYWORD1>_sttrend</KEYWORD1>
		<KEYWORD1>_stubstar2names</KEYWORD1>
		<KEYWORD1>_subchar</KEYWORD1>
		<KEYWORD1>_sum_table</KEYWORD1>
		<KEYWORD1>_sumaccum</KEYWORD1>
		<KEYWORD1>_sunflower_binar</KEYWORD1>
		<KEYWORD1>_svar_cnsmac</KEYWORD1>
		<KEYWORD1>_svar_eqmac</KEYWORD1>
		<KEYWORD1>_svar_newcns</KEYWORD1>
		<KEYWORD1>_svar_post</KEYWORD1>
		<KEYWORD1>_svard2</KEYWORD1>
		<KEYWORD1>_svariden</KEYWORD1>
		<KEYWORD1>_svaridenlr</KEYWORD1>
		<KEYWORD1>_svarlrd2</KEYWORD1>
		<KEYWORD1>_svd</KEYWORD1>
		<KEYWORD1>_svy</KEYWORD1>
		<KEYWORD1>_svy2</KEYWORD1>
		<KEYWORD1>_svy_check_cmdopts</KEYWORD1>
		<KEYWORD1>_svy_check_fpc</KEYWORD1>
		<KEYWORD1>_svy_check_postw</KEYWORD1>
		<KEYWORD1>_svy_check_predict</KEYWORD1>
		<KEYWORD1>_svy_check_vce</KEYWORD1>
		<KEYWORD1>_svy_fpc_note</KEYWORD1>
		<KEYWORD1>_svy_ftest</KEYWORD1>
		<KEYWORD1>_svy_ivreg_first</KEYWORD1>
		<KEYWORD1>_svy_mkdeff</KEYWORD1>
		<KEYWORD1>_svy_mkmeff</KEYWORD1>
		<KEYWORD1>_svy_mkvmsp</KEYWORD1>
		<KEYWORD1>_svy_mkvsrs</KEYWORD1>
		<KEYWORD1>_svy_newrule</KEYWORD1>
		<KEYWORD1>_svy_setup</KEYWORD1>
		<KEYWORD1>_svy_singleton_note</KEYWORD1>
		<KEYWORD1>_svy_subpop</KEYWORD1>
		<KEYWORD1>_svy_subpop_note</KEYWORD1>
		<KEYWORD1>_svy_summarize</KEYWORD1>
		<KEYWORD1>_svy_summarize_legend</KEYWORD1>
		<KEYWORD1>_svy_tabulate</KEYWORD1>
		<KEYWORD1>_svydes_dlg</KEYWORD1>
		<KEYWORD1>_svylc</KEYWORD1>
		<KEYWORD1>_svyset</KEYWORD1>
		<KEYWORD1>_sw_lik</KEYWORD1>
		<KEYWORD1>_sw_lik2</KEYWORD1>
		<KEYWORD1>_sw_ood</KEYWORD1>
		<KEYWORD1>_ts</KEYWORD1>
		<KEYWORD1>_ts_dexp</KEYWORD1>
		<KEYWORD1>_ts_dsmp</KEYWORD1>
		<KEYWORD1>_ts_exp</KEYWORD1>
		<KEYWORD1>_ts_flag</KEYWORD1>
		<KEYWORD1>_ts_gdat</KEYWORD1>
		<KEYWORD1>_ts_hw</KEYWORD1>
		<KEYWORD1>_ts_hwsa</KEYWORD1>
		<KEYWORD1>_ts_hwsm</KEYWORD1>
		<KEYWORD1>_ts_meqn</KEYWORD1>
		<KEYWORD1>_ts_pars</KEYWORD1>
		<KEYWORD1>_ts_peri</KEYWORD1>
		<KEYWORD1>_tsheadr</KEYWORD1>
		<KEYWORD1>_tsinchk</KEYWORD1>
		<KEYWORD1>_tsma</KEYWORD1>
		<KEYWORD1>_ttest</KEYWORD1>
		<KEYWORD1>_ttest1</KEYWORD1>
		<KEYWORD1>_ttest2</KEYWORD1>
		<KEYWORD1>_tutends</KEYWORD1>
		<KEYWORD1>_tx_mtr1</KEYWORD1>
		<KEYWORD1>_tx_mtr2</KEYWORD1>
		<KEYWORD1>_tx_mtr3</KEYWORD1>
		<KEYWORD1>_tx_mtr4</KEYWORD1>
		<KEYWORD1>_tx_mtr5</KEYWORD1>
		<KEYWORD1>_tx_rpl</KEYWORD1>
		<KEYWORD1>_var_mka</KEYWORD1>
		<KEYWORD1>_varbsf</KEYWORD1>
		<KEYWORD1>_vardisprmse</KEYWORD1>
		<KEYWORD1>_varfcast</KEYWORD1>
		<KEYWORD1>_varfcast_clear</KEYWORD1>
		<KEYWORD1>_varfcast_fcast</KEYWORD1>
		<KEYWORD1>_varfcast_graph</KEYWORD1>
		<KEYWORD1>_varirf</KEYWORD1>
		<KEYWORD1>_varsim</KEYWORD1>
		<KEYWORD1>_vce_parserun</KEYWORD1>
		<KEYWORD1>_vec_ckgraph</KEYWORD1>
		<KEYWORD1>_vec_dreduced</KEYWORD1>
		<KEYWORD1>_vec_grcroots</KEYWORD1>
		<KEYWORD1>_vec_opck</KEYWORD1>
		<KEYWORD1>_vec_pgparse</KEYWORD1>
		<KEYWORD1>_vec_pgridplots</KEYWORD1>
		<KEYWORD1>_vec_postvar</KEYWORD1>
		<KEYWORD1>_vecauxdisp</KEYWORD1>
		<KEYWORD1>_vecfcast_compute</KEYWORD1>
		<KEYWORD1>_vecfcast_compute_w</KEYWORD1>
		<KEYWORD1>_vecgetacns</KEYWORD1>
		<KEYWORD1>_vecgetcv</KEYWORD1>
		<KEYWORD1>_vecgtn</KEYWORD1>
		<KEYWORD1>_vecmka</KEYWORD1>
		<KEYWORD1>_vecmkapvp</KEYWORD1>
		<KEYWORD1>_vecmkce</KEYWORD1>
		<KEYWORD1>_vecmkgam</KEYWORD1>
		<KEYWORD1>_vecmksi</KEYWORD1>
		<KEYWORD1>_vecmktrend</KEYWORD1>
		<KEYWORD1>_vecortho</KEYWORD1>
		<KEYWORD1>_vecpclean</KEYWORD1>
		<KEYWORD1>_vectparse</KEYWORD1>
		<KEYWORD1>_vecu</KEYWORD1>
		<KEYWORD1>_virf_add</KEYWORD1>
		<KEYWORD1>_virf_char</KEYWORD1>
		<KEYWORD1>_virf_fck</KEYWORD1>
		<KEYWORD1>_virf_mknewfile</KEYWORD1>
		<KEYWORD1>_virf_nlen</KEYWORD1>
		<KEYWORD1>_virf_use</KEYWORD1>
		<KEYWORD1>_wkapm</KEYWORD1>
		<KEYWORD1>_writenum</KEYWORD1>
		<KEYWORD1>_wsrvcrv</KEYWORD1>
		<KEYWORD1>_xtreg_chk_cl</KEYWORD1>
		<KEYWORD1>_xtreg_chk_cl2</KEYWORD1>
		<KEYWORD1>_xtrenorm</KEYWORD1>
		<KEYWORD1>about</KEYWORD1>
		<KEYWORD1>abs</KEYWORD1>
		<KEYWORD1>ac</KEYWORD1>
		<KEYWORD1>ac_7</KEYWORD1>
		<KEYWORD1>acprplot</KEYWORD1>
		<KEYWORD1>acprplot_7</KEYWORD1>
		<KEYWORD1>adjust</KEYWORD1>
		<KEYWORD1>ado</KEYWORD1>
		<KEYWORD1>adopath</KEYWORD1>
		<KEYWORD1>adoupdate</KEYWORD1>
		<KEYWORD1>alpha</KEYWORD1>
		<KEYWORD1>ameans</KEYWORD1>
		<KEYWORD1>an</KEYWORD1>
		<KEYWORD1>ano</KEYWORD1>
		<KEYWORD1>anov</KEYWORD1>
		<KEYWORD1>anova</KEYWORD1>
		<KEYWORD1>anova_estat</KEYWORD1>
		<KEYWORD1>anova_terms</KEYWORD1>
		<KEYWORD1>anovadef</KEYWORD1>
		<KEYWORD1>aorder</KEYWORD1>
		<KEYWORD1>arch</KEYWORD1>
		<KEYWORD1>arch_dr</KEYWORD1>
		<KEYWORD1>arch_estat</KEYWORD1>
		<KEYWORD1>arch_p</KEYWORD1>
		<KEYWORD1>archlm</KEYWORD1>
		<KEYWORD1>areg</KEYWORD1>
		<KEYWORD1>areg_p</KEYWORD1>
		<KEYWORD1>args</KEYWORD1>
		<KEYWORD1>arima</KEYWORD1>
		<KEYWORD1>arima_dr</KEYWORD1>
		<KEYWORD1>arima_estat</KEYWORD1>
		<KEYWORD1>arima_p</KEYWORD1>
		<KEYWORD1>as</KEYWORD1>
		<KEYWORD1>asmprobit</KEYWORD1>
		<KEYWORD1>asmprobit_estat</KEYWORD1>
		<KEYWORD1>asmprobit_lf</KEYWORD1>
		<KEYWORD1>asmprobit_mfx__dlg</KEYWORD1>
		<KEYWORD1>asmprobit_p</KEYWORD1>
		<KEYWORD1>ass</KEYWORD1>
		<KEYWORD1>asse</KEYWORD1>
		<KEYWORD1>asser</KEYWORD1>
		<KEYWORD1>assert</KEYWORD1>
		<KEYWORD1>avplot</KEYWORD1>
		<KEYWORD1>avplot_7</KEYWORD1>
		<KEYWORD1>avplots</KEYWORD1>
		<KEYWORD1>avplots_7</KEYWORD1>
		<KEYWORD1>bcskew0</KEYWORD1>
		<KEYWORD1>be</KEYWORD1>
		<KEYWORD1>bee</KEYWORD1>
		<KEYWORD1>beep</KEYWORD1>
		<KEYWORD1>bgodfrey</KEYWORD1>
		<KEYWORD1>binreg</KEYWORD1>
		<KEYWORD1>bip0_lf</KEYWORD1>
		<KEYWORD1>bip0_lf7</KEYWORD1>
		<KEYWORD1>biplot</KEYWORD1>
		<KEYWORD1>bipp_lf</KEYWORD1>
		<KEYWORD1>bipp_lf7</KEYWORD1>
		<KEYWORD1>bipr_lf</KEYWORD1>
		<KEYWORD1>bipr_lf7</KEYWORD1>
		<KEYWORD1>bipr_p</KEYWORD1>
		<KEYWORD1>bipr_p7</KEYWORD1>
		<KEYWORD1>biprobit</KEYWORD1>
		<KEYWORD1>biprobit7</KEYWORD1>
		<KEYWORD1>bitest</KEYWORD1>
		<KEYWORD1>bitesti</KEYWORD1>
		<KEYWORD1>bitowt</KEYWORD1>
		<KEYWORD1>blogit</KEYWORD1>
		<KEYWORD1>bmemsize</KEYWORD1>
		<KEYWORD1>boot</KEYWORD1>
		<KEYWORD1>bootsamp</KEYWORD1>
		<KEYWORD1>bootstrap</KEYWORD1>
		<KEYWORD1>bootstrap_8</KEYWORD1>
		<KEYWORD1>boxco_l</KEYWORD1>
		<KEYWORD1>boxco_p</KEYWORD1>
		<KEYWORD1>boxcox</KEYWORD1>
		<KEYWORD1>boxcox_6</KEYWORD1>
		<KEYWORD1>boxcox_p</KEYWORD1>
		<KEYWORD1>bprobit</KEYWORD1>
		<KEYWORD1>break</KEYWORD1>
		<KEYWORD1>brier</KEYWORD1>
		<KEYWORD1>brr</KEYWORD1>
		<KEYWORD1>brrstat</KEYWORD1>
		<KEYWORD1>bs</KEYWORD1>
		<KEYWORD1>bs_7</KEYWORD1>
		<KEYWORD1>bsampl_w</KEYWORD1>
		<KEYWORD1>bsample</KEYWORD1>
		<KEYWORD1>bsample_7</KEYWORD1>
		<KEYWORD1>bsqreg</KEYWORD1>
		<KEYWORD1>bstat</KEYWORD1>
		<KEYWORD1>bstat_7</KEYWORD1>
		<KEYWORD1>bstat_8</KEYWORD1>
		<KEYWORD1>bstrap</KEYWORD1>
		<KEYWORD1>bstrap_7</KEYWORD1>
		<KEYWORD1>c_local</KEYWORD1>
		<KEYWORD1>ca</KEYWORD1>
		<KEYWORD1>ca_estat</KEYWORD1>
		<KEYWORD1>ca_p</KEYWORD1>
		<KEYWORD1>cabiplot</KEYWORD1>
		<KEYWORD1>camat</KEYWORD1>
		<KEYWORD1>canon</KEYWORD1>
		<KEYWORD1>canon_8</KEYWORD1>
		<KEYWORD1>canon_8_p</KEYWORD1>
		<KEYWORD1>canon_estat</KEYWORD1>
		<KEYWORD1>canon_p</KEYWORD1>
		<KEYWORD1>caprojection</KEYWORD1>
		<KEYWORD1>cat</KEYWORD1>
		<KEYWORD1>cc</KEYWORD1>
		<KEYWORD1>cchart</KEYWORD1>
		<KEYWORD1>cchart_7</KEYWORD1>
		<KEYWORD1>cci</KEYWORD1>
		<KEYWORD1>cd</KEYWORD1>
		<KEYWORD1>censobs_table</KEYWORD1>
		<KEYWORD1>centile</KEYWORD1>
		<KEYWORD1>cf</KEYWORD1>
		<KEYWORD1>char</KEYWORD1>
		<KEYWORD1>chdir</KEYWORD1>
		<KEYWORD1>checkdlgfiles</KEYWORD1>
		<KEYWORD1>checkestimationsample</KEYWORD1>
		<KEYWORD1>checkhlpfiles</KEYWORD1>
		<KEYWORD1>checksum</KEYWORD1>
		<KEYWORD1>ci</KEYWORD1>
		<KEYWORD1>cii</KEYWORD1>
		<KEYWORD1>cksum</KEYWORD1>
		<KEYWORD1>clear</KEYWORD1>
		<KEYWORD1>clo</KEYWORD1>
		<KEYWORD1>clocal</KEYWORD1>
		<KEYWORD1>clog</KEYWORD1>
		<KEYWORD1>clog_lf</KEYWORD1>
		<KEYWORD1>clog_p</KEYWORD1>
		<KEYWORD1>clogi</KEYWORD1>
		<KEYWORD1>clogi_sw</KEYWORD1>
		<KEYWORD1>clogit</KEYWORD1>
		<KEYWORD1>clogit_lf</KEYWORD1>
		<KEYWORD1>clogit_p</KEYWORD1>
		<KEYWORD1>clogitp</KEYWORD1>
		<KEYWORD1>clogl_sw</KEYWORD1>
		<KEYWORD1>cloglog</KEYWORD1>
		<KEYWORD1>clonevar</KEYWORD1>
		<KEYWORD1>clslistarray</KEYWORD1>
		<KEYWORD1>cluster</KEYWORD1>
		<KEYWORD1>cluster_measures</KEYWORD1>
		<KEYWORD1>cluster_stop</KEYWORD1>
		<KEYWORD1>cluster_tree</KEYWORD1>
		<KEYWORD1>cluster_tree_8</KEYWORD1>
		<KEYWORD1>clustermat</KEYWORD1>
		<KEYWORD1>cnr</KEYWORD1>
		<KEYWORD1>cnre</KEYWORD1>
		<KEYWORD1>cnreg</KEYWORD1>
		<KEYWORD1>cnreg_p</KEYWORD1>
		<KEYWORD1>cnreg_sw</KEYWORD1>
		<KEYWORD1>cnsreg</KEYWORD1>
		<KEYWORD1>codebook</KEYWORD1>
		<KEYWORD1>collaps4</KEYWORD1>
		<KEYWORD1>collapse</KEYWORD1>
		<KEYWORD1>colormult_nb</KEYWORD1>
		<KEYWORD1>colormult_nw</KEYWORD1>
		<KEYWORD1>conf</KEYWORD1>
		<KEYWORD1>confi</KEYWORD1>
		<KEYWORD1>confir</KEYWORD1>
		<KEYWORD1>confirm</KEYWORD1>
		<KEYWORD1>conren</KEYWORD1>
		<KEYWORD1>cons</KEYWORD1>
		<KEYWORD1>const</KEYWORD1>
		<KEYWORD1>constr</KEYWORD1>
		<KEYWORD1>constra</KEYWORD1>
		<KEYWORD1>constrai</KEYWORD1>
		<KEYWORD1>constrain</KEYWORD1>
		<KEYWORD1>constraint</KEYWORD1>
		<KEYWORD1>contract</KEYWORD1>
		<KEYWORD1>copy</KEYWORD1>
		<KEYWORD1>copyright</KEYWORD1>
		<KEYWORD1>copysource</KEYWORD1>
		<KEYWORD1>cor</KEYWORD1>
		<KEYWORD1>corc</KEYWORD1>
		<KEYWORD1>corr</KEYWORD1>
		<KEYWORD1>corr2data</KEYWORD1>
		<KEYWORD1>corr_anti</KEYWORD1>
		<KEYWORD1>corr_kmo</KEYWORD1>
		<KEYWORD1>corr_smc</KEYWORD1>
		<KEYWORD1>corre</KEYWORD1>
		<KEYWORD1>correl</KEYWORD1>
		<KEYWORD1>correla</KEYWORD1>
		<KEYWORD1>correlat</KEYWORD1>
		<KEYWORD1>correlate</KEYWORD1>
		<KEYWORD1>corrgram</KEYWORD1>
		<KEYWORD1>cou</KEYWORD1>
		<KEYWORD1>coun</KEYWORD1>
		<KEYWORD1>count</KEYWORD1>
		<KEYWORD1>cox</KEYWORD1>
		<KEYWORD1>cox_p</KEYWORD1>
		<KEYWORD1>cox_sw</KEYWORD1>
		<KEYWORD1>coxbase</KEYWORD1>
		<KEYWORD1>coxhaz</KEYWORD1>
		<KEYWORD1>coxvar</KEYWORD1>
		<KEYWORD1>cp</KEYWORD1>
		<KEYWORD1>cprplot</KEYWORD1>
		<KEYWORD1>cprplot_7</KEYWORD1>
		<KEYWORD1>crc</KEYWORD1>
		<KEYWORD1>cross</KEYWORD1>
		<KEYWORD1>cs</KEYWORD1>
		<KEYWORD1>cscript</KEYWORD1>
		<KEYWORD1>cscript_log</KEYWORD1>
		<KEYWORD1>csi</KEYWORD1>
		<KEYWORD1>ct</KEYWORD1>
		<KEYWORD1>ct_is</KEYWORD1>
		<KEYWORD1>ctset</KEYWORD1>
		<KEYWORD1>ctst_5</KEYWORD1>
		<KEYWORD1>ctst_st</KEYWORD1>
		<KEYWORD1>cttost</KEYWORD1>
		<KEYWORD1>cumsp</KEYWORD1>
		<KEYWORD1>cumsp_7</KEYWORD1>
		<KEYWORD1>cumul</KEYWORD1>
		<KEYWORD1>cusum</KEYWORD1>
		<KEYWORD1>cusum_7</KEYWORD1>
		<KEYWORD1>cutil</KEYWORD1>
		<KEYWORD1>d</KEYWORD1>
		<KEYWORD1>datetof</KEYWORD1>
		<KEYWORD1>db</KEYWORD1>
		<KEYWORD1>dbeta</KEYWORD1>
		<KEYWORD1>de</KEYWORD1>
		<KEYWORD1>debug</KEYWORD1>
		<KEYWORD1>debugbuf</KEYWORD1>
		<KEYWORD1>dec</KEYWORD1>
		<KEYWORD1>deco</KEYWORD1>
		<KEYWORD1>decod</KEYWORD1>
		<KEYWORD1>decode</KEYWORD1>
		<KEYWORD1>deff</KEYWORD1>
		<KEYWORD1>des</KEYWORD1>
		<KEYWORD1>desc</KEYWORD1>
		<KEYWORD1>descr</KEYWORD1>
		<KEYWORD1>descri</KEYWORD1>
		<KEYWORD1>describ</KEYWORD1>
		<KEYWORD1>describe</KEYWORD1>
		<KEYWORD1>destring</KEYWORD1>
		<KEYWORD1>dfbeta</KEYWORD1>
		<KEYWORD1>dfgls</KEYWORD1>
		<KEYWORD1>dfuller</KEYWORD1>
		<KEYWORD1>diff</KEYWORD1>
		<KEYWORD1>dir</KEYWORD1>
		<KEYWORD1>dirstats</KEYWORD1>
		<KEYWORD1>discard</KEYWORD1>
		<KEYWORD1>disp_res</KEYWORD1>
		<KEYWORD1>disp_s</KEYWORD1>
		<KEYWORD1>doe</KEYWORD1>
		<KEYWORD1>doed</KEYWORD1>
		<KEYWORD1>doedi</KEYWORD1>
		<KEYWORD1>doedit</KEYWORD1>
		<KEYWORD1>dotplot</KEYWORD1>
		<KEYWORD1>dotplot_7</KEYWORD1>
		<KEYWORD1>dprobit</KEYWORD1>
		<KEYWORD1>drawnorm</KEYWORD1>
		<KEYWORD1>ds</KEYWORD1>
		<KEYWORD1>ds_util</KEYWORD1>
		<KEYWORD1>dstdize</KEYWORD1>
		<KEYWORD1>duplicates</KEYWORD1>
		<KEYWORD1>durbina</KEYWORD1>
		<KEYWORD1>dwstat</KEYWORD1>
		<KEYWORD1>dydx</KEYWORD1>
		<KEYWORD1>dynre</KEYWORD1>
		<KEYWORD1>dynren</KEYWORD1>
		<KEYWORD1>ed</KEYWORD1>
		<KEYWORD1>edi</KEYWORD1>
		<KEYWORD1>edit</KEYWORD1>
		<KEYWORD1>egen</KEYWORD1>
		<KEYWORD1>eivreg</KEYWORD1>
		<KEYWORD1>emdef</KEYWORD1>
		<KEYWORD1>en</KEYWORD1>
		<KEYWORD1>enc</KEYWORD1>
		<KEYWORD1>enco</KEYWORD1>
		<KEYWORD1>encod</KEYWORD1>
		<KEYWORD1>encode</KEYWORD1>
		<KEYWORD1>enter</KEYWORD1>
		<!--<KEYWORD1>eq</KEYWORD1>-->	
		<KEYWORD1>ereg</KEYWORD1>
		<KEYWORD1>ereg_lf</KEYWORD1>
		<KEYWORD1>ereg_p</KEYWORD1>
		<KEYWORD1>ereg_sw</KEYWORD1>
		<KEYWORD1>ereghet</KEYWORD1>
		<KEYWORD1>ereghet_glf</KEYWORD1>
		<KEYWORD1>ereghet_glf_sh</KEYWORD1>
		<KEYWORD1>ereghet_gp</KEYWORD1>
		<KEYWORD1>ereghet_ilf</KEYWORD1>
		<KEYWORD1>ereghet_ilf_sh</KEYWORD1>
		<KEYWORD1>ereghet_ip</KEYWORD1>
		<KEYWORD1>err</KEYWORD1>
		<KEYWORD1>erro</KEYWORD1>
		<KEYWORD1>error</KEYWORD1>
		<KEYWORD1>estimates</KEYWORD1>
		<KEYWORD1>estimate</KEYWORD1>
		<KEYWORD1>estimat</KEYWORD1>
		<KEYWORD1>estima</KEYWORD1>
		<KEYWORD1>estim</KEYWORD1>
		<KEYWORD1>esti</KEYWORD1>
		<KEYWORD1>est</KEYWORD1>
		<KEYWORD1>est_cfexist</KEYWORD1>
		<KEYWORD1>est_cfname</KEYWORD1>
		<KEYWORD1>est_clickable</KEYWORD1>
		<KEYWORD1>est_expand</KEYWORD1>
		<KEYWORD1>est_hold</KEYWORD1>
		<KEYWORD1>est_table</KEYWORD1>
		<KEYWORD1>est_unhold</KEYWORD1>
		<KEYWORD1>est_unholdok</KEYWORD1>
		<KEYWORD1>estat</KEYWORD1>
		<KEYWORD1>estat_default</KEYWORD1>
		<KEYWORD1>estat_summ</KEYWORD1>
		<KEYWORD1>estat_vce_only</KEYWORD1>
		<KEYWORD1>esti</KEYWORD1>
		<KEYWORD1>estim</KEYWORD1>
		<KEYWORD1>estima</KEYWORD1>
		<KEYWORD1>estimat</KEYWORD1>
		<KEYWORD1>estimate</KEYWORD1>
		<KEYWORD1>etodow</KEYWORD1>
		<KEYWORD1>etof</KEYWORD1>
		<KEYWORD1>etomdy</KEYWORD1>
		<KEYWORD1>ex</KEYWORD1>
		<KEYWORD1>exec</KEYWORD1>
		<KEYWORD1>execu</KEYWORD1>
		<KEYWORD1>execut</KEYWORD1>
		<KEYWORD1>execute</KEYWORD1>
		<KEYWORD1>exi</KEYWORD1>
		<KEYWORD1>exit</KEYWORD1>
		<KEYWORD1>expandcl</KEYWORD1>
		<KEYWORD1>export</KEYWORD1>
		<KEYWORD1>fac</KEYWORD1>
		<KEYWORD1>fact</KEYWORD1>
		<KEYWORD1>facto</KEYWORD1>
		<KEYWORD1>factor</KEYWORD1>
		<KEYWORD1>factor_estat</KEYWORD1>
		<KEYWORD1>factor_p</KEYWORD1>
		<KEYWORD1>factor_pca_rotated</KEYWORD1>
		<KEYWORD1>factor_rotate</KEYWORD1>
		<KEYWORD1>factormat</KEYWORD1>
		<KEYWORD1>failure</KEYWORD1>
		<KEYWORD1>fcast</KEYWORD1>
		<KEYWORD1>fcast_compute</KEYWORD1>
		<KEYWORD1>fcast_graph</KEYWORD1>
		<KEYWORD1>fft</KEYWORD1>
		<KEYWORD1>fh_st</KEYWORD1>
		<KEYWORD1>fillin</KEYWORD1>
		<KEYWORD1>find_hlp_file</KEYWORD1>
		<KEYWORD1>findit</KEYWORD1>
		<KEYWORD1>findit_7</KEYWORD1>
		<KEYWORD1>fit</KEYWORD1>
		<!--<KEYWORD1>for</KEYWORD1>-->
		<KEYWORD1>for5_0</KEYWORD1>
		<KEYWORD1>force</KEYWORD1>
		<KEYWORD1>form</KEYWORD1>
		<KEYWORD1>forma</KEYWORD1>
		<KEYWORD1>format</KEYWORD1>
		<KEYWORD1>fpredict</KEYWORD1>
		<KEYWORD1>frac_154</KEYWORD1>
		<KEYWORD1>frac_adj</KEYWORD1>
		<KEYWORD1>frac_chk</KEYWORD1>
		<KEYWORD1>frac_cox</KEYWORD1>
		<KEYWORD1>frac_ddp</KEYWORD1>
		<KEYWORD1>frac_dis</KEYWORD1>
		<KEYWORD1>frac_dv</KEYWORD1>
		<KEYWORD1>frac_in</KEYWORD1>
		<KEYWORD1>frac_mun</KEYWORD1>
		<KEYWORD1>frac_pp</KEYWORD1>
		<KEYWORD1>frac_pq</KEYWORD1>
		<KEYWORD1>frac_pv</KEYWORD1>
		<KEYWORD1>frac_wgt</KEYWORD1>
		<KEYWORD1>frac_xo</KEYWORD1>
		<KEYWORD1>fracgen</KEYWORD1>
		<KEYWORD1>fracplot</KEYWORD1>
		<KEYWORD1>fracplot_7</KEYWORD1>
		<KEYWORD1>fracpoly</KEYWORD1>
		<KEYWORD1>fracpred</KEYWORD1>
		<KEYWORD1>fron_ex</KEYWORD1>
		<KEYWORD1>fron_hn</KEYWORD1>
		<KEYWORD1>fron_p</KEYWORD1>
		<KEYWORD1>fron_tn</KEYWORD1>
		<KEYWORD1>fron_tn2</KEYWORD1>
		<KEYWORD1>frontier</KEYWORD1>
		<KEYWORD1>ftodate</KEYWORD1>
		<KEYWORD1>ftoe</KEYWORD1>
		<KEYWORD1>ftomdy</KEYWORD1>
		<KEYWORD1>ftowdate</KEYWORD1>
		<KEYWORD1>g</KEYWORD1>
		<KEYWORD1>gamhet_glf</KEYWORD1>
		<KEYWORD1>gamhet_gp</KEYWORD1>
		<KEYWORD1>gamhet_ilf</KEYWORD1>
		<KEYWORD1>gamhet_ip</KEYWORD1>
		<KEYWORD1>gamma</KEYWORD1>
		<KEYWORD1>gamma_d2</KEYWORD1>
		<KEYWORD1>gamma_lf</KEYWORD1>
		<KEYWORD1>gamma_p</KEYWORD1>
		<KEYWORD1>gamma_sw</KEYWORD1>
		<KEYWORD1>gammahet</KEYWORD1>
		<KEYWORD1>gdi_hexagon</KEYWORD1>
		<KEYWORD1>gdi_spokes</KEYWORD1>
		<KEYWORD1>ge</KEYWORD1>
		<KEYWORD1>gen</KEYWORD1>
		<KEYWORD1>gene</KEYWORD1>
		<KEYWORD1>gener</KEYWORD1>
		<KEYWORD1>genera</KEYWORD1>
		<KEYWORD1>generat</KEYWORD1>
		<KEYWORD1>generate</KEYWORD1>
		<KEYWORD1>genrank</KEYWORD1>
		<KEYWORD1>genstd</KEYWORD1>
		<KEYWORD1>genvmean</KEYWORD1>
		<KEYWORD1>gettoken</KEYWORD1>
		<KEYWORD1>gl</KEYWORD1>
		<KEYWORD1>gladder</KEYWORD1>
		<KEYWORD1>gladder_7</KEYWORD1>
		<KEYWORD1>glim_l01</KEYWORD1>
		<KEYWORD1>glim_l02</KEYWORD1>
		<KEYWORD1>glim_l03</KEYWORD1>
		<KEYWORD1>glim_l04</KEYWORD1>
		<KEYWORD1>glim_l05</KEYWORD1>
		<KEYWORD1>glim_l06</KEYWORD1>
		<KEYWORD1>glim_l07</KEYWORD1>
		<KEYWORD1>glim_l08</KEYWORD1>
		<KEYWORD1>glim_l09</KEYWORD1>
		<KEYWORD1>glim_l10</KEYWORD1>
		<KEYWORD1>glim_l11</KEYWORD1>
		<KEYWORD1>glim_l12</KEYWORD1>
		<KEYWORD1>glim_lf</KEYWORD1>
		<KEYWORD1>glim_mu</KEYWORD1>
		<KEYWORD1>glim_nw1</KEYWORD1>
		<KEYWORD1>glim_nw2</KEYWORD1>
		<KEYWORD1>glim_nw3</KEYWORD1>
		<KEYWORD1>glim_p</KEYWORD1>
		<KEYWORD1>glim_v1</KEYWORD1>
		<KEYWORD1>glim_v2</KEYWORD1>
		<KEYWORD1>glim_v3</KEYWORD1>
		<KEYWORD1>glim_v4</KEYWORD1>
		<KEYWORD1>glim_v5</KEYWORD1>
		<KEYWORD1>glim_v6</KEYWORD1>
		<KEYWORD1>glim_v7</KEYWORD1>
		<KEYWORD1>glm</KEYWORD1>
		<KEYWORD1>glm_6</KEYWORD1>
		<KEYWORD1>glm_p</KEYWORD1>
		<KEYWORD1>glm_sw</KEYWORD1>
		<KEYWORD1>glmpred</KEYWORD1>
		<KEYWORD1>glogit</KEYWORD1>
		<KEYWORD1>glogit_8</KEYWORD1>
		<KEYWORD1>glogit_p</KEYWORD1>
		<KEYWORD1>gmeans</KEYWORD1>
		<KEYWORD1>gnbre_lf</KEYWORD1>
		<KEYWORD1>gnbreg</KEYWORD1>
		<KEYWORD1>gnbreg_5</KEYWORD1>
		<KEYWORD1>gnbreg_p</KEYWORD1>
		<KEYWORD1>gomp_lf</KEYWORD1>
		<KEYWORD1>gompe_sw</KEYWORD1>
		<KEYWORD1>gomper_p</KEYWORD1>
		<KEYWORD1>gompertz</KEYWORD1>
		<KEYWORD1>gompertzhet</KEYWORD1>
		<KEYWORD1>gomphet_glf</KEYWORD1>
		<KEYWORD1>gomphet_glf_sh</KEYWORD1>
		<KEYWORD1>gomphet_gp</KEYWORD1>
		<KEYWORD1>gomphet_ilf</KEYWORD1>
		<KEYWORD1>gomphet_ilf_sh</KEYWORD1>
		<KEYWORD1>gomphet_ip</KEYWORD1>
		<KEYWORD1>gph</KEYWORD1>
		<KEYWORD1>gphdot</KEYWORD1>
		<KEYWORD1>gphpen</KEYWORD1>
		<KEYWORD1>gphprint</KEYWORD1>
		<KEYWORD1>gprobi_p</KEYWORD1>
		<KEYWORD1>gprobit</KEYWORD1>
		<KEYWORD1>gprobit_8</KEYWORD1>
		<KEYWORD1>gr</KEYWORD1>
		<KEYWORD1>gr_copy</KEYWORD1>
		<KEYWORD1>gr_current</KEYWORD1>
		<KEYWORD1>gr_db</KEYWORD1>
		<KEYWORD1>gr_describe</KEYWORD1>
		<KEYWORD1>gr_dir</KEYWORD1>
		<KEYWORD1>gr_draw</KEYWORD1>
		<KEYWORD1>gr_draw_replay</KEYWORD1>
		<KEYWORD1>gr_drop</KEYWORD1>
		<KEYWORD1>gr_edit</KEYWORD1>
		<KEYWORD1>gr_editviewopts</KEYWORD1>
		<KEYWORD1>gr_example</KEYWORD1>
		<KEYWORD1>gr_example2</KEYWORD1>
		<KEYWORD1>gr_export</KEYWORD1>
		<KEYWORD1>gr_print</KEYWORD1>
		<KEYWORD1>gr_qscheme</KEYWORD1>
		<KEYWORD1>gr_query</KEYWORD1>
		<KEYWORD1>gr_read</KEYWORD1>
		<KEYWORD1>gr_rename</KEYWORD1>
		<KEYWORD1>gr_replay</KEYWORD1>
		<KEYWORD1>gr_save</KEYWORD1>
		<KEYWORD1>gr_set</KEYWORD1>
		<KEYWORD1>gr_setscheme</KEYWORD1>
		<KEYWORD1>gr_table</KEYWORD1>
		<KEYWORD1>gr_undo</KEYWORD1>
		<KEYWORD1>gr_use</KEYWORD1>
		<KEYWORD1>gra</KEYWORD1>
		<KEYWORD1>grap</KEYWORD1>
		<KEYWORD1>graph</KEYWORD1>
		<KEYWORD1>grebar</KEYWORD1>
		<KEYWORD1>greigen</KEYWORD1>
		<KEYWORD1>greigen_7</KEYWORD1>
		<KEYWORD1>greigen_8</KEYWORD1>
		<KEYWORD1>grmeanby</KEYWORD1>
		<KEYWORD1>grmeanby_7</KEYWORD1>
		<KEYWORD1>gs_fileinfo</KEYWORD1>
		<KEYWORD1>gs_filetype</KEYWORD1>
		<KEYWORD1>gs_graphinfo</KEYWORD1>
		<KEYWORD1>gs_stat</KEYWORD1>
		<KEYWORD1>gsort</KEYWORD1>
		<KEYWORD1>gwood</KEYWORD1>
		<KEYWORD1>h</KEYWORD1>
		<KEYWORD1>hadimvo</KEYWORD1>
		<KEYWORD1>hareg</KEYWORD1>
		<KEYWORD1>hausman</KEYWORD1>
		<KEYWORD1>he</KEYWORD1>
		<KEYWORD1>heck_d2</KEYWORD1>
		<KEYWORD1>heckma_p</KEYWORD1>
		<KEYWORD1>heckman</KEYWORD1>
		<KEYWORD1>heckp_lf</KEYWORD1>
		<KEYWORD1>heckpr_p</KEYWORD1>
		<KEYWORD1>heckprob</KEYWORD1>
		<KEYWORD1>hel</KEYWORD1>
		<KEYWORD1>help</KEYWORD1>
		<KEYWORD1>helpchk</KEYWORD1>
		<KEYWORD1>hereg</KEYWORD1>
		<KEYWORD1>hetpr_lf</KEYWORD1>
		<KEYWORD1>hetpr_p</KEYWORD1>
		<KEYWORD1>hetprob</KEYWORD1>
		<KEYWORD1>hettest</KEYWORD1>
		<KEYWORD1>hilite</KEYWORD1>
		<KEYWORD1>hist</KEYWORD1>
		<KEYWORD1>hist_7</KEYWORD1>
		<KEYWORD1>histogram</KEYWORD1>
		<KEYWORD1>hlogit</KEYWORD1>
		<KEYWORD1>hlu</KEYWORD1>
		<KEYWORD1>hmeans</KEYWORD1>
		<KEYWORD1>hotel</KEYWORD1>
		<KEYWORD1>hotelling</KEYWORD1>
		<KEYWORD1>hprobit</KEYWORD1>
		<KEYWORD1>hreg</KEYWORD1>
		<KEYWORD1>hsearch</KEYWORD1>
		<KEYWORD1>icd9</KEYWORD1>
		<KEYWORD1>icd9_ff</KEYWORD1>
		<KEYWORD1>icd9p</KEYWORD1>
		<KEYWORD1>id</KEYWORD1>
		<KEYWORD1>iis</KEYWORD1>
		<KEYWORD1>impute</KEYWORD1>
		<KEYWORD1>imtest</KEYWORD1>
		<KEYWORD1>inbase</KEYWORD1>
		<KEYWORD1>inf</KEYWORD1>
		<KEYWORD1>infi</KEYWORD1>
		<KEYWORD1>infil</KEYWORD1>
		<KEYWORD1>infile</KEYWORD1>
		<KEYWORD1>infix</KEYWORD1>
		<KEYWORD1>inflate</KEYWORD1>
		<KEYWORD1>inp</KEYWORD1>
		<KEYWORD1>inpu</KEYWORD1>
		<KEYWORD1>input</KEYWORD1>
		<KEYWORD1>ins</KEYWORD1>
		<KEYWORD1>insh</KEYWORD1>
		<KEYWORD1>inshe</KEYWORD1>
		<KEYWORD1>inshee</KEYWORD1>
		<KEYWORD1>insheet</KEYWORD1>
		<KEYWORD1>insp</KEYWORD1>
		<KEYWORD1>inspe</KEYWORD1>
		<KEYWORD1>inspec</KEYWORD1>
		<KEYWORD1>inspect</KEYWORD1>
		<KEYWORD1>integ</KEYWORD1>
		<KEYWORD1>inten</KEYWORD1>
		<KEYWORD1>intreg</KEYWORD1>
		<KEYWORD1>intreg_7</KEYWORD1>
		<KEYWORD1>intreg_p</KEYWORD1>
		<KEYWORD1>intrg2_ll</KEYWORD1>
		<KEYWORD1>intrg_ll</KEYWORD1>
		<KEYWORD1>intrg_ll2</KEYWORD1>
		<KEYWORD1>ipolate</KEYWORD1>
		<KEYWORD1>iqreg</KEYWORD1>
		<KEYWORD1>ir</KEYWORD1>
		<KEYWORD1>irf</KEYWORD1>
		<KEYWORD1>irf_create</KEYWORD1>
		<KEYWORD1>irfm</KEYWORD1>
		<KEYWORD1>iri</KEYWORD1>
		<KEYWORD1>is_svy</KEYWORD1>
		<KEYWORD1>is_svysum</KEYWORD1>
		<KEYWORD1>isid</KEYWORD1>
		<KEYWORD1>istdize</KEYWORD1>
		<KEYWORD1>ivprob_1_lf</KEYWORD1>
		<KEYWORD1>ivprob_lf</KEYWORD1>
		<KEYWORD1>ivprobit</KEYWORD1>
		<KEYWORD1>ivprobit_p</KEYWORD1>
		<KEYWORD1>ivreg</KEYWORD1>
		<KEYWORD1>ivreg_footnote</KEYWORD1>
		<KEYWORD1>ivtob_1_lf</KEYWORD1>
		<KEYWORD1>ivtob_lf</KEYWORD1>
		<KEYWORD1>ivtobit</KEYWORD1>
		<KEYWORD1>ivtobit_p</KEYWORD1>
		<KEYWORD1>jackknife</KEYWORD1>
		<KEYWORD1>jacknife</KEYWORD1>
		<KEYWORD1>jknife</KEYWORD1>
		<KEYWORD1>jknife_6</KEYWORD1>
		<KEYWORD1>jknife_8</KEYWORD1>
		<KEYWORD1>jkstat</KEYWORD1>
		<KEYWORD1>joinby</KEYWORD1>
		<KEYWORD1>kalarma1</KEYWORD1>
		<KEYWORD1>kap</KEYWORD1>
		<KEYWORD1>kap_3</KEYWORD1>
		<KEYWORD1>kapmeier</KEYWORD1>
		<KEYWORD1>kappa</KEYWORD1>
		<KEYWORD1>kapwgt</KEYWORD1>
		<KEYWORD1>kdensity</KEYWORD1>
		<KEYWORD1>kdensity_7</KEYWORD1>
		<KEYWORD1>ksm</KEYWORD1>
		<KEYWORD1>ksmirnov</KEYWORD1>
		<KEYWORD1>ktau</KEYWORD1>
		<KEYWORD1>kwallis</KEYWORD1>
		<KEYWORD1>l</KEYWORD1>
		<KEYWORD1>la</KEYWORD1>
		<KEYWORD1>labelbook</KEYWORD1>
		<KEYWORD1>ladder</KEYWORD1>
		<KEYWORD1>level</KEYWORD1>
		<KEYWORD1>levels</KEYWORD1>
		<KEYWORD1>levelsof</KEYWORD1>
		<KEYWORD1>leverage</KEYWORD1>
		<KEYWORD1>lfit</KEYWORD1>
		<KEYWORD1>lfit_p</KEYWORD1>
		<KEYWORD1>li</KEYWORD1>
		<KEYWORD1>lincom</KEYWORD1>
		<KEYWORD1>line</KEYWORD1>
		<KEYWORD1>linktest</KEYWORD1>
		<KEYWORD1>lis</KEYWORD1>
		<KEYWORD1>list</KEYWORD1>
		<KEYWORD1>lloghet_glf</KEYWORD1>
		<KEYWORD1>lloghet_glf_sh</KEYWORD1>
		<KEYWORD1>lloghet_gp</KEYWORD1>
		<KEYWORD1>lloghet_ilf</KEYWORD1>
		<KEYWORD1>lloghet_ilf_sh</KEYWORD1>
		<KEYWORD1>lloghet_ip</KEYWORD1>
		<KEYWORD1>llogi_sw</KEYWORD1>
		<KEYWORD1>llogis_p</KEYWORD1>
		<KEYWORD1>llogist</KEYWORD1>
		<KEYWORD1>llogistic</KEYWORD1>
		<KEYWORD1>llogistichet</KEYWORD1>
		<KEYWORD1>lnorm_lf</KEYWORD1>
		<KEYWORD1>lnorm_sw</KEYWORD1>
		<KEYWORD1>lnorma_p</KEYWORD1>
		<KEYWORD1>lnormal</KEYWORD1>
		<KEYWORD1>lnormalhet</KEYWORD1>
		<KEYWORD1>lnormhet_glf</KEYWORD1>
		<KEYWORD1>lnormhet_glf_sh</KEYWORD1>
		<KEYWORD1>lnormhet_gp</KEYWORD1>
		<KEYWORD1>lnormhet_ilf</KEYWORD1>
		<KEYWORD1>lnormhet_ilf_sh</KEYWORD1>
		<KEYWORD1>lnormhet_ip</KEYWORD1>
		<KEYWORD1>lnskew0</KEYWORD1>
		<KEYWORD1>lo</KEYWORD1>
		<KEYWORD1>loadingplot</KEYWORD1>
		<KEYWORD1>logi</KEYWORD1>
		<KEYWORD1>logis_lf</KEYWORD1>
		<KEYWORD1>logistic</KEYWORD1>
		<KEYWORD1>logistic_p</KEYWORD1>
		<KEYWORD1>logit</KEYWORD1>
		<KEYWORD1>logit_estat</KEYWORD1>
		<KEYWORD1>logit_p</KEYWORD1>
		<KEYWORD1>loglogs</KEYWORD1>
		<KEYWORD1>logrank</KEYWORD1>
		<KEYWORD1>loneway</KEYWORD1>
		<KEYWORD1>loo</KEYWORD1>
		<KEYWORD1>look</KEYWORD1>
		<KEYWORD1>lookfor</KEYWORD1>
		<KEYWORD1>looku</KEYWORD1>
		<KEYWORD1>lookup</KEYWORD1>
		<KEYWORD1>lowess</KEYWORD1>
		<KEYWORD1>lowess_7</KEYWORD1>
		<KEYWORD1>lpredict</KEYWORD1>
		<KEYWORD1>lrecomp</KEYWORD1>
		<KEYWORD1>lroc</KEYWORD1>
		<KEYWORD1>lroc_7</KEYWORD1>
		<KEYWORD1>lrtest</KEYWORD1>
		<KEYWORD1>lsens</KEYWORD1>
		<KEYWORD1>lsens_7</KEYWORD1>
		<KEYWORD1>lsens_x</KEYWORD1>
		<KEYWORD1>lstat</KEYWORD1>
		<KEYWORD1>ltable</KEYWORD1>
		<KEYWORD1>ltable_7</KEYWORD1>
		<KEYWORD1>ltriang</KEYWORD1>
		<KEYWORD1>lv</KEYWORD1>
		<KEYWORD1>lvr2plot</KEYWORD1>
		<KEYWORD1>lvr2plot_7</KEYWORD1>
		<KEYWORD1>ma</KEYWORD1>
		<KEYWORD1>mac</KEYWORD1>
		<KEYWORD1>macr</KEYWORD1>
		<KEYWORD1>macro</KEYWORD1>
		<KEYWORD1>makecns</KEYWORD1>
		<KEYWORD1>man</KEYWORD1>
		<KEYWORD1>manova_estat</KEYWORD1>
		<KEYWORD1>manova_p</KEYWORD1>
		<KEYWORD1>mantel</KEYWORD1>
		<KEYWORD1>mark</KEYWORD1>
		<KEYWORD1>markout</KEYWORD1>
		<KEYWORD1>marksample</KEYWORD1>
		<KEYWORD1>mat</KEYWORD1>
		<KEYWORD1>mat_capp</KEYWORD1>
		<KEYWORD1>mat_order</KEYWORD1>
		<KEYWORD1>mat_rapp</KEYWORD1>
		<KEYWORD1>mata</KEYWORD1>
		<KEYWORD1>mata_matdescribe</KEYWORD1>
		<KEYWORD1>mata_matsave</KEYWORD1>
		<KEYWORD1>mata_matuse</KEYWORD1>
		<KEYWORD1>matalabel</KEYWORD1>
		<KEYWORD1>matcproc</KEYWORD1>
		<KEYWORD1>matlist</KEYWORD1>
		<KEYWORD1>matname</KEYWORD1>
		<KEYWORD1>matr</KEYWORD1>
		<KEYWORD1>matri</KEYWORD1>
		<KEYWORD1>matrix</KEYWORD1>
		<KEYWORD1>matrix_input__dlg</KEYWORD1>
		<KEYWORD1>matsize</KEYWORD1>
		<KEYWORD1>matstrik</KEYWORD1>
		<KEYWORD1>mcc</KEYWORD1>
		<KEYWORD1>mcci</KEYWORD1>
		<KEYWORD1>md0_</KEYWORD1>
		<KEYWORD1>md1_</KEYWORD1>
		<KEYWORD1>md1debu_</KEYWORD1>
		<KEYWORD1>md1debug_</KEYWORD1>
		<KEYWORD1>md2_</KEYWORD1>
		<KEYWORD1>md2debu_</KEYWORD1>
		<KEYWORD1>md2debug_</KEYWORD1>
		<KEYWORD1>mds</KEYWORD1>
		<KEYWORD1>mds_estat</KEYWORD1>
		<KEYWORD1>mds_p</KEYWORD1>
		<KEYWORD1>mdsconfig</KEYWORD1>
		<KEYWORD1>mdslong</KEYWORD1>
		<KEYWORD1>mdsmat</KEYWORD1>
		<KEYWORD1>mdsshepard</KEYWORD1>
		<KEYWORD1>mdytoe</KEYWORD1>
		<KEYWORD1>mdytof</KEYWORD1>
		<KEYWORD1>me_derd</KEYWORD1>
		<KEYWORD1>mean</KEYWORD1>
		<KEYWORD1>means</KEYWORD1>
		<KEYWORD1>median</KEYWORD1>
		<KEYWORD1>memory</KEYWORD1>
		<KEYWORD1>memsize</KEYWORD1>
		<KEYWORD1>meqparse</KEYWORD1>
		<KEYWORD1>mfp</KEYWORD1>
		<KEYWORD1>mfx</KEYWORD1>
		<KEYWORD1>mhelp</KEYWORD1>
		<KEYWORD1>mhodds</KEYWORD1>
		<KEYWORD1>mixed_ll</KEYWORD1>
		<KEYWORD1>mixed_ll_reparm</KEYWORD1>
		<KEYWORD1>mkassert</KEYWORD1>
		<KEYWORD1>mkdir</KEYWORD1>
		<KEYWORD1>mkmat</KEYWORD1>
		<KEYWORD1>mkspline</KEYWORD1>
		<KEYWORD1>ml</KEYWORD1>
		<KEYWORD1>ml_5</KEYWORD1>
		<KEYWORD1>ml_adjs</KEYWORD1>
		<KEYWORD1>ml_bhhhs</KEYWORD1>
		<KEYWORD1>ml_c_d</KEYWORD1>
		<KEYWORD1>ml_check</KEYWORD1>
		<KEYWORD1>ml_clear</KEYWORD1>
		<KEYWORD1>ml_cnt</KEYWORD1>
		<KEYWORD1>ml_debug</KEYWORD1>
		<KEYWORD1>ml_defd</KEYWORD1>
		<KEYWORD1>ml_e0</KEYWORD1>
		<KEYWORD1>ml_e0_bfgs</KEYWORD1>
		<KEYWORD1>ml_e0_cycle</KEYWORD1>
		<KEYWORD1>ml_e0_dfp</KEYWORD1>
		<KEYWORD1>ml_e0i</KEYWORD1>
		<KEYWORD1>ml_e1</KEYWORD1>
		<KEYWORD1>ml_e1_bfgs</KEYWORD1>
		<KEYWORD1>ml_e1_bhhh</KEYWORD1>
		<KEYWORD1>ml_e1_cycle</KEYWORD1>
		<KEYWORD1>ml_e1_dfp</KEYWORD1>
		<KEYWORD1>ml_e2</KEYWORD1>
		<KEYWORD1>ml_e2_cycle</KEYWORD1>
		<KEYWORD1>ml_ebfg0</KEYWORD1>
		<KEYWORD1>ml_ebfr0</KEYWORD1>
		<KEYWORD1>ml_ebfr1</KEYWORD1>
		<KEYWORD1>ml_ebh0q</KEYWORD1>
		<KEYWORD1>ml_ebhh0</KEYWORD1>
		<KEYWORD1>ml_ebhr0</KEYWORD1>
		<KEYWORD1>ml_ebr0i</KEYWORD1>
		<KEYWORD1>ml_ecr0i</KEYWORD1>
		<KEYWORD1>ml_edfp0</KEYWORD1>
		<KEYWORD1>ml_edfr0</KEYWORD1>
		<KEYWORD1>ml_edfr1</KEYWORD1>
		<KEYWORD1>ml_edr0i</KEYWORD1>
		<KEYWORD1>ml_eds</KEYWORD1>
		<KEYWORD1>ml_eer0i</KEYWORD1>
		<KEYWORD1>ml_egr0i</KEYWORD1>
		<KEYWORD1>ml_elf</KEYWORD1>
		<KEYWORD1>ml_elf_bfgs</KEYWORD1>
		<KEYWORD1>ml_elf_bhhh</KEYWORD1>
		<KEYWORD1>ml_elf_cycle</KEYWORD1>
		<KEYWORD1>ml_elf_dfp</KEYWORD1>
		<KEYWORD1>ml_elfi</KEYWORD1>
		<KEYWORD1>ml_elfs</KEYWORD1>
		<KEYWORD1>ml_enr0i</KEYWORD1>
		<KEYWORD1>ml_enrr0</KEYWORD1>
		<KEYWORD1>ml_erdu0</KEYWORD1>
		<KEYWORD1>ml_erdu0_bfgs</KEYWORD1>
		<KEYWORD1>ml_erdu0_bhhh</KEYWORD1>
		<KEYWORD1>ml_erdu0_bhhhq</KEYWORD1>
		<KEYWORD1>ml_erdu0_cycle</KEYWORD1>
		<KEYWORD1>ml_erdu0_dfp</KEYWORD1>
		<KEYWORD1>ml_erdu0_nrbfgs</KEYWORD1>
		<KEYWORD1>ml_exde</KEYWORD1>
		<KEYWORD1>ml_footnote</KEYWORD1>
		<KEYWORD1>ml_geqnr</KEYWORD1>
		<KEYWORD1>ml_grad0</KEYWORD1>
		<KEYWORD1>ml_graph</KEYWORD1>
		<KEYWORD1>ml_hbhhh</KEYWORD1>
		<KEYWORD1>ml_hd0</KEYWORD1>
		<KEYWORD1>ml_hold</KEYWORD1>
		<KEYWORD1>ml_init</KEYWORD1>
		<KEYWORD1>ml_inv</KEYWORD1>
		<KEYWORD1>ml_log</KEYWORD1>
		<KEYWORD1>ml_max</KEYWORD1>
		<KEYWORD1>ml_mlout</KEYWORD1>
		<KEYWORD1>ml_mlout_8</KEYWORD1>
		<KEYWORD1>ml_model</KEYWORD1>
		<KEYWORD1>ml_nb0</KEYWORD1>
		<KEYWORD1>ml_opt</KEYWORD1>
		<KEYWORD1>ml_p</KEYWORD1>
		<KEYWORD1>ml_plot</KEYWORD1>
		<KEYWORD1>ml_query</KEYWORD1>
		<KEYWORD1>ml_rdgrd</KEYWORD1>
		<KEYWORD1>ml_repor</KEYWORD1>
		<KEYWORD1>ml_s_e</KEYWORD1>
		<KEYWORD1>ml_score</KEYWORD1>
		<KEYWORD1>ml_searc</KEYWORD1>
		<KEYWORD1>ml_technique</KEYWORD1>
		<KEYWORD1>ml_unhold</KEYWORD1>
		<KEYWORD1>mleval</KEYWORD1>
		<KEYWORD1>mlf_</KEYWORD1>
		<KEYWORD1>mlmatsum</KEYWORD1>
		<KEYWORD1>mlog</KEYWORD1>
		<KEYWORD1>mlogi</KEYWORD1>
		<KEYWORD1>mlogit</KEYWORD1>
		<KEYWORD1>mlogit_footnote</KEYWORD1>
		<KEYWORD1>mlogit_p</KEYWORD1>
		<KEYWORD1>mlopts</KEYWORD1>
		<KEYWORD1>mlsum</KEYWORD1>
		<KEYWORD1>mlvecsum</KEYWORD1>
		<KEYWORD1>mmerge</KEYWORD1>
		<KEYWORD1>mnl0_</KEYWORD1>
		<KEYWORD1>mor</KEYWORD1>
		<KEYWORD1>more</KEYWORD1>
		<KEYWORD1>mov</KEYWORD1>
		<KEYWORD1>move</KEYWORD1>
		<KEYWORD1>mprobit</KEYWORD1>
		<KEYWORD1>mprobit_lf</KEYWORD1>
		<KEYWORD1>mprobit_p</KEYWORD1>
		<KEYWORD1>mrdu0_</KEYWORD1>
		<KEYWORD1>mrdu1_</KEYWORD1>
		<KEYWORD1>mvdecode</KEYWORD1>
		<KEYWORD1>mvencode</KEYWORD1>
		<KEYWORD1>mvreg</KEYWORD1>
		<KEYWORD1>mvreg_estat</KEYWORD1>
		<KEYWORD1>n</KEYWORD1>
		<KEYWORD1>nbreg</KEYWORD1>
		<KEYWORD1>nbreg_al</KEYWORD1>
		<KEYWORD1>nbreg_lf</KEYWORD1>
		<KEYWORD1>nbreg_p</KEYWORD1>
		<KEYWORD1>nbreg_sw</KEYWORD1>
		<KEYWORD1>nestreg</KEYWORD1>
		<KEYWORD1>net</KEYWORD1>
		<KEYWORD1>newey</KEYWORD1>
		<KEYWORD1>newey_7</KEYWORD1>
		<KEYWORD1>newey_p</KEYWORD1>
		<KEYWORD1>news</KEYWORD1>
		<KEYWORD1>nl</KEYWORD1>
		<KEYWORD1>nl_7</KEYWORD1>
		<KEYWORD1>nl_9</KEYWORD1>
		<KEYWORD1>nl_9_p</KEYWORD1>
		<KEYWORD1>nl_p</KEYWORD1>
		<KEYWORD1>nl_p_7</KEYWORD1>
		<KEYWORD1>nlcom</KEYWORD1>
		<KEYWORD1>nlcom_p</KEYWORD1>
		<KEYWORD1>nlexp2</KEYWORD1>
		<KEYWORD1>nlexp2_7</KEYWORD1>
		<KEYWORD1>nlexp2a</KEYWORD1>
		<KEYWORD1>nlexp2a_7</KEYWORD1>
		<KEYWORD1>nlexp3</KEYWORD1>
		<KEYWORD1>nlexp3_7</KEYWORD1>
		<KEYWORD1>nlgom3</KEYWORD1>
		<KEYWORD1>nlgom3_7</KEYWORD1>
		<KEYWORD1>nlgom4</KEYWORD1>
		<KEYWORD1>nlgom4_7</KEYWORD1>
		<KEYWORD1>nlinit</KEYWORD1>
		<KEYWORD1>nllog3</KEYWORD1>
		<KEYWORD1>nllog3_7</KEYWORD1>
		<KEYWORD1>nllog4</KEYWORD1>
		<KEYWORD1>nllog4_7</KEYWORD1>
		<KEYWORD1>nlog_rd</KEYWORD1>
		<KEYWORD1>nlogit</KEYWORD1>
		<KEYWORD1>nlogit_p</KEYWORD1>
		<KEYWORD1>nlogitgen</KEYWORD1>
		<KEYWORD1>nlogittree</KEYWORD1>
		<KEYWORD1>nlpred</KEYWORD1>
		<KEYWORD1>no</KEYWORD1>
		<KEYWORD1>nobreak</KEYWORD1>
		<KEYWORD1>noi</KEYWORD1>
		<KEYWORD1>nois</KEYWORD1>
		<KEYWORD1>noisi</KEYWORD1>
		<KEYWORD1>noisil</KEYWORD1>
		<KEYWORD1>noisily</KEYWORD1>
		<KEYWORD1>nostop</KEYWORD1>
		<KEYWORD1>note</KEYWORD1>
		<KEYWORD1>notes</KEYWORD1>
		<KEYWORD1>notify</KEYWORD1>
		<KEYWORD1>nptrend</KEYWORD1>
		<KEYWORD1>numlabel</KEYWORD1>
		<KEYWORD1>numlist</KEYWORD1>
		<KEYWORD1>off</KEYWORD1>
		<KEYWORD1>old_ver</KEYWORD1>
		<KEYWORD1>olo</KEYWORD1>
		<KEYWORD1>olog</KEYWORD1>
		<KEYWORD1>ologi</KEYWORD1>
		<KEYWORD1>ologi_sw</KEYWORD1>
		<KEYWORD1>ologit</KEYWORD1>
		<KEYWORD1>ologit_p</KEYWORD1>
		<KEYWORD1>ologitp</KEYWORD1>
		<KEYWORD1>on</KEYWORD1>
		<KEYWORD1>one</KEYWORD1>
		<KEYWORD1>onew</KEYWORD1>
		<KEYWORD1>onewa</KEYWORD1>
		<KEYWORD1>oneway</KEYWORD1>
		<KEYWORD1>op_colnm</KEYWORD1>
		<KEYWORD1>op_comp</KEYWORD1>
		<KEYWORD1>op_diff</KEYWORD1>
		<KEYWORD1>op_inv</KEYWORD1>
		<KEYWORD1>op_str</KEYWORD1>
		<KEYWORD1>opr</KEYWORD1>
		<KEYWORD1>opro</KEYWORD1>
		<KEYWORD1>oprob</KEYWORD1>
		<KEYWORD1>oprob_sw</KEYWORD1>
		<KEYWORD1>oprobi</KEYWORD1>
		<KEYWORD1>oprobi_p</KEYWORD1>
		<KEYWORD1>oprobit</KEYWORD1>
		<KEYWORD1>oprobitp</KEYWORD1>
		<KEYWORD1>opts_exclusive</KEYWORD1>
		<KEYWORD1>order</KEYWORD1>
		<KEYWORD1>orthog</KEYWORD1>
		<KEYWORD1>orthpoly</KEYWORD1>
		<KEYWORD1>ou</KEYWORD1>
		<KEYWORD1>out</KEYWORD1>
		<KEYWORD1>outf</KEYWORD1>
		<KEYWORD1>outfi</KEYWORD1>
		<KEYWORD1>outfil</KEYWORD1>
		<KEYWORD1>outfile</KEYWORD1>
		<KEYWORD1>outs</KEYWORD1>
		<KEYWORD1>outsh</KEYWORD1>
		<KEYWORD1>outshe</KEYWORD1>
		<KEYWORD1>outshee</KEYWORD1>
		<KEYWORD1>outsheet</KEYWORD1>
		<KEYWORD1>ovtest</KEYWORD1>
		<KEYWORD1>pac</KEYWORD1>
		<KEYWORD1>pac_7</KEYWORD1>
		<KEYWORD1>palette</KEYWORD1>
		<KEYWORD1>par</KEYWORD1>
		<KEYWORD1>pars</KEYWORD1>
		<KEYWORD1>parse</KEYWORD1>
		<KEYWORD1>parse_dissim</KEYWORD1>
		<KEYWORD1>pause</KEYWORD1>
		<KEYWORD1>pca</KEYWORD1>
		<KEYWORD1>pca_8</KEYWORD1>
		<KEYWORD1>pca_display</KEYWORD1>
		<KEYWORD1>pca_estat</KEYWORD1>
		<KEYWORD1>pca_p</KEYWORD1>
		<KEYWORD1>pca_rotate</KEYWORD1>
		<KEYWORD1>pcamat</KEYWORD1>
		<KEYWORD1>pchart</KEYWORD1>
		<KEYWORD1>pchart_7</KEYWORD1>
		<KEYWORD1>pchi</KEYWORD1>
		<KEYWORD1>pchi_7</KEYWORD1>
		<KEYWORD1>pcorr</KEYWORD1>
		<KEYWORD1>pctile</KEYWORD1>
		<KEYWORD1>pentium</KEYWORD1>
		<KEYWORD1>pergram</KEYWORD1>
		<KEYWORD1>pergram_7</KEYWORD1>
		<KEYWORD1>permute</KEYWORD1>
		<KEYWORD1>permute_8</KEYWORD1>
		<KEYWORD1>personal</KEYWORD1>
		<KEYWORD1>peto_st</KEYWORD1>
		<KEYWORD1>pkcollapse</KEYWORD1>
		<KEYWORD1>pkcross</KEYWORD1>
		<KEYWORD1>pkequiv</KEYWORD1>
		<KEYWORD1>pkexamine</KEYWORD1>
		<KEYWORD1>pkexamine_7</KEYWORD1>
		<KEYWORD1>pkshape</KEYWORD1>
		<KEYWORD1>pksumm</KEYWORD1>
		<KEYWORD1>pksumm_7</KEYWORD1>
		<KEYWORD1>pl</KEYWORD1>
		<KEYWORD1>playsnd</KEYWORD1>
		<KEYWORD1>plo</KEYWORD1>
		<KEYWORD1>plot</KEYWORD1>
		<KEYWORD1>plug</KEYWORD1>
		<KEYWORD1>plugi</KEYWORD1>
		<KEYWORD1>plugin</KEYWORD1>
		<KEYWORD1>pnorm</KEYWORD1>
		<KEYWORD1>pnorm_7</KEYWORD1>
		<KEYWORD1>poisgof</KEYWORD1>
		<KEYWORD1>poiss_lf</KEYWORD1>
		<KEYWORD1>poiss_sw</KEYWORD1>
		<KEYWORD1>poisso_p</KEYWORD1>
		<KEYWORD1>poisson</KEYWORD1>
		<KEYWORD1>poisson_estat</KEYWORD1>
		<KEYWORD1>pop</KEYWORD1>
		<KEYWORD1>popu</KEYWORD1>
		<KEYWORD1>popup</KEYWORD1>
		<KEYWORD1>post</KEYWORD1>
		<KEYWORD1>postclose</KEYWORD1>
		<KEYWORD1>postfile</KEYWORD1>
		<KEYWORD1>pperron</KEYWORD1>
		<KEYWORD1>pr</KEYWORD1>
		<KEYWORD1>prais</KEYWORD1>
		<KEYWORD1>prais_e</KEYWORD1>
		<KEYWORD1>prais_e2</KEYWORD1>
		<KEYWORD1>prais_p</KEYWORD1>
		<KEYWORD1>pred</KEYWORD1>
		<KEYWORD1>predi</KEYWORD1>
		<KEYWORD1>predic</KEYWORD1>
		<KEYWORD1>predict</KEYWORD1>
		<KEYWORD1>predictnl</KEYWORD1>
		<KEYWORD1>print</KEYWORD1>
		<KEYWORD1>printgr</KEYWORD1>
		<KEYWORD1>priorest</KEYWORD1>
		<KEYWORD1>pro</KEYWORD1>
		<KEYWORD1>prob</KEYWORD1>
		<KEYWORD1>probi</KEYWORD1>
		<KEYWORD1>probit</KEYWORD1>
		<KEYWORD1>probit_estat</KEYWORD1>
		<KEYWORD1>probit_p</KEYWORD1>
		<KEYWORD1>proc_time</KEYWORD1>
		<KEYWORD1>procoverlay</KEYWORD1>
		<KEYWORD1>procrustes</KEYWORD1>
		<KEYWORD1>procrustes_estat</KEYWORD1>
		<KEYWORD1>procrustes_p</KEYWORD1>
		<KEYWORD1>profiler</KEYWORD1>
		<KEYWORD1>prop</KEYWORD1>
		<KEYWORD1>proportion</KEYWORD1>
		<KEYWORD1>prove</KEYWORD1>
		<KEYWORD1>prtest</KEYWORD1>
		<KEYWORD1>prtesti</KEYWORD1>
		<KEYWORD1>push</KEYWORD1>
		<KEYWORD1>pwcorr</KEYWORD1>
		<KEYWORD1>pwd</KEYWORD1>
		<KEYWORD1>q</KEYWORD1>
		<KEYWORD1>qby</KEYWORD1>
		<KEYWORD1>qbys</KEYWORD1>
		<KEYWORD1>qchi</KEYWORD1>
		<KEYWORD1>qchi_7</KEYWORD1>
		<KEYWORD1>qladder</KEYWORD1>
		<KEYWORD1>qladder_7</KEYWORD1>
		<KEYWORD1>qnorm</KEYWORD1>
		<KEYWORD1>qnorm_7</KEYWORD1>
		<KEYWORD1>qqplot</KEYWORD1>
		<KEYWORD1>qqplot_7</KEYWORD1>
		<KEYWORD1>qreg</KEYWORD1>
		<KEYWORD1>qreg_c</KEYWORD1>
		<KEYWORD1>qreg_p</KEYWORD1>
		<KEYWORD1>qreg_sw</KEYWORD1>
		<KEYWORD1>qu</KEYWORD1>
		<KEYWORD1>quadchk</KEYWORD1>
		<KEYWORD1>quantile</KEYWORD1>
		<KEYWORD1>quantile_7</KEYWORD1>
		<KEYWORD1>que</KEYWORD1>
		<KEYWORD1>quer</KEYWORD1>
		<KEYWORD1>query</KEYWORD1>
		<KEYWORD1>qui</KEYWORD1>
		<KEYWORD1>quie</KEYWORD1>
		<KEYWORD1>quiet</KEYWORD1>
		<KEYWORD1>quietl</KEYWORD1>
		<KEYWORD1>quietly</KEYWORD1>
		<KEYWORD1>range</KEYWORD1>
		<KEYWORD1>ranksum</KEYWORD1>
		<KEYWORD1>ratio</KEYWORD1>
		<KEYWORD1>rchart</KEYWORD1>
		<KEYWORD1>rchart_7</KEYWORD1>
		<KEYWORD1>rcof</KEYWORD1>
		<KEYWORD1>rc_spline</KEYWORD1>
		<KEYWORD1>recast</KEYWORD1>
		<KEYWORD1>reg</KEYWORD1>
		<KEYWORD1>reg3</KEYWORD1>
		<KEYWORD1>reg3_p</KEYWORD1>
		<KEYWORD1>regdw</KEYWORD1>
		<KEYWORD1>regr</KEYWORD1>
		<KEYWORD1>regre</KEYWORD1>
		<KEYWORD1>regre_p2</KEYWORD1>
		<KEYWORD1>regres</KEYWORD1>
		<KEYWORD1>regres_p</KEYWORD1>
		<KEYWORD1>regress</KEYWORD1>
		<KEYWORD1>regress_estat</KEYWORD1>
		<KEYWORD1>regriv_p</KEYWORD1>
		<KEYWORD1>remap</KEYWORD1>
		<KEYWORD1>ren</KEYWORD1>
		<KEYWORD1>rena</KEYWORD1>
		<KEYWORD1>renam</KEYWORD1>
		<KEYWORD1>rename</KEYWORD1>
		<KEYWORD1>renpfix</KEYWORD1>
		<KEYWORD1>repeat</KEYWORD1>
		<KEYWORD1>reshape</KEYWORD1>
		<KEYWORD1>ret</KEYWORD1>
		<KEYWORD1>retu</KEYWORD1>
		<KEYWORD1>retur</KEYWORD1>
		<KEYWORD1>return</KEYWORD1>
		<KEYWORD1>robvar</KEYWORD1>
		<KEYWORD1>robust</KEYWORD1>
		<KEYWORD1>roccomp</KEYWORD1>
		<KEYWORD1>roccomp_7</KEYWORD1>
		<KEYWORD1>roccomp_8</KEYWORD1>
		<KEYWORD1>rocf_lf</KEYWORD1>
		<KEYWORD1>rocfit</KEYWORD1>
		<KEYWORD1>rocfit_8</KEYWORD1>
		<KEYWORD1>rocgold</KEYWORD1>
		<KEYWORD1>rocplot</KEYWORD1>
		<KEYWORD1>rocplot_7</KEYWORD1>
		<KEYWORD1>roctab</KEYWORD1>
		<KEYWORD1>roctab_7</KEYWORD1>
		<KEYWORD1>rolling</KEYWORD1>
		<KEYWORD1>rologit</KEYWORD1>
		<KEYWORD1>rologit_p</KEYWORD1>
		<KEYWORD1>rot</KEYWORD1>
		<KEYWORD1>rota</KEYWORD1>
		<KEYWORD1>rotat</KEYWORD1>
		<KEYWORD1>rotate</KEYWORD1>
		<KEYWORD1>rotatemat</KEYWORD1>
		<KEYWORD1>rreg</KEYWORD1>
		<KEYWORD1>rreg_p</KEYWORD1>
		<KEYWORD1>rvfplot</KEYWORD1>
		<KEYWORD1>rvfplot_7</KEYWORD1>
		<KEYWORD1>rvpplot</KEYWORD1>
		<KEYWORD1>rvpplot_7</KEYWORD1>
		<KEYWORD1>sa</KEYWORD1>
		<KEYWORD1>safesum</KEYWORD1>
		<KEYWORD1>sample</KEYWORD1>
		<KEYWORD1>sampsi</KEYWORD1>
		<KEYWORD1>savedresults</KEYWORD1>
		<KEYWORD1>saveold</KEYWORD1>
		<KEYWORD1>say</KEYWORD1>
		<KEYWORD1>sc</KEYWORD1>
		<KEYWORD1>sca</KEYWORD1>
		<KEYWORD1>scal</KEYWORD1>
		<KEYWORD1>scala</KEYWORD1>
		<KEYWORD1>scalar</KEYWORD1>
		<KEYWORD1>scatter</KEYWORD1>
		<KEYWORD1>scm_mine</KEYWORD1>
		<KEYWORD1>sco</KEYWORD1>
		<KEYWORD1>scob_lf</KEYWORD1>
		<KEYWORD1>scob_p</KEYWORD1>
		<KEYWORD1>scobi_sw</KEYWORD1>
		<KEYWORD1>scobit</KEYWORD1>
		<KEYWORD1>scor</KEYWORD1>
		<KEYWORD1>score</KEYWORD1>
		<KEYWORD1>scoreplot</KEYWORD1>
		<KEYWORD1>scoreplot_help</KEYWORD1>
		<KEYWORD1>scree</KEYWORD1>
		<KEYWORD1>screeplot</KEYWORD1>
		<KEYWORD1>screeplot_help</KEYWORD1>
		<KEYWORD1>sdtest</KEYWORD1>
		<KEYWORD1>sdtesti</KEYWORD1>
		<KEYWORD1>se</KEYWORD1>
		<KEYWORD1>search</KEYWORD1>
		<KEYWORD1>separate</KEYWORD1>
		<KEYWORD1>seperate</KEYWORD1>
		<KEYWORD1>serrbar</KEYWORD1>
		<KEYWORD1>serrbar_7</KEYWORD1>
		<KEYWORD1>set_defaults</KEYWORD1>
		<KEYWORD1>sfrancia</KEYWORD1>
		<KEYWORD1>sh</KEYWORD1>
		<KEYWORD1>she</KEYWORD1>
		<KEYWORD1>shel</KEYWORD1>
		<KEYWORD1>shewhart</KEYWORD1>
		<KEYWORD1>shewhart_7</KEYWORD1>
		<KEYWORD1>showpoint</KEYWORD1>
		<KEYWORD1>signestimationsample</KEYWORD1>
		<KEYWORD1>signrank</KEYWORD1>
		<KEYWORD1>signtest</KEYWORD1>
		<KEYWORD1>simul</KEYWORD1>
		<KEYWORD1>simul_7</KEYWORD1>
		<KEYWORD1>simulate</KEYWORD1>
		<KEYWORD1>simulate_8</KEYWORD1>
		<KEYWORD1>simulinit</KEYWORD1>
		<KEYWORD1>sktest</KEYWORD1>
		<KEYWORD1>sleep</KEYWORD1>
		<KEYWORD1>slogit</KEYWORD1>
		<KEYWORD1>slogit_d2</KEYWORD1>
		<KEYWORD1>slogit_p</KEYWORD1>
		<KEYWORD1>smooth</KEYWORD1>
		<KEYWORD1>snapspan</KEYWORD1>
		<KEYWORD1>spbase</KEYWORD1>
		<KEYWORD1>spearman</KEYWORD1>
		<KEYWORD1>speedchk1</KEYWORD1>
		<KEYWORD1>speekchk2</KEYWORD1>
		<KEYWORD1>spikeplot</KEYWORD1>
		<KEYWORD1>spikeplot_7</KEYWORD1>
		<KEYWORD1>spikeplt</KEYWORD1>
		<KEYWORD1>spline</KEYWORD1>
		<KEYWORD1>spline_x</KEYWORD1>
		<KEYWORD1>split</KEYWORD1>
		<KEYWORD1>sqreg</KEYWORD1>
		<KEYWORD1>sqreg_p</KEYWORD1>
		<KEYWORD1>sret</KEYWORD1>
		<KEYWORD1>sretu</KEYWORD1>
		<KEYWORD1>sretur</KEYWORD1>
		<KEYWORD1>sreturn</KEYWORD1>
		<KEYWORD1>ssc</KEYWORD1>
		<KEYWORD1>st</KEYWORD1>
		<KEYWORD1>st_ct</KEYWORD1>
		<KEYWORD1>st_hc</KEYWORD1>
		<KEYWORD1>st_hcd</KEYWORD1>
		<KEYWORD1>st_hcd_sh</KEYWORD1>
		<KEYWORD1>st_is</KEYWORD1>
		<KEYWORD1>st_issys</KEYWORD1>
		<KEYWORD1>st_note</KEYWORD1>
		<KEYWORD1>st_promo</KEYWORD1>
		<KEYWORD1>st_set</KEYWORD1>
		<KEYWORD1>st_show</KEYWORD1>
		<KEYWORD1>st_smpl</KEYWORD1>
		<KEYWORD1>st_subid</KEYWORD1>
		<KEYWORD1>stack</KEYWORD1>
		<KEYWORD1>stackdepth</KEYWORD1>
		<KEYWORD1>stackreset</KEYWORD1>
		<KEYWORD1>statsby</KEYWORD1>
		<KEYWORD1>statsby_8</KEYWORD1>
		<KEYWORD1>stbase</KEYWORD1>
		<KEYWORD1>stci</KEYWORD1>
		<KEYWORD1>stci_7</KEYWORD1>
		<KEYWORD1>stcox</KEYWORD1>
		<KEYWORD1>stcox_estat</KEYWORD1>
		<KEYWORD1>stcox_fr</KEYWORD1>
		<KEYWORD1>stcox_fr_ll</KEYWORD1>
		<KEYWORD1>stcox_p</KEYWORD1>
		<KEYWORD1>stcox_sw</KEYWORD1>
		<KEYWORD1>stcoxkm</KEYWORD1>
		<KEYWORD1>stcoxkm_7</KEYWORD1>
		<KEYWORD1>stcstat</KEYWORD1>
		<KEYWORD1>stcurv</KEYWORD1>
		<KEYWORD1>stcurve</KEYWORD1>
		<KEYWORD1>stcurve_7</KEYWORD1>
		<KEYWORD1>stdes</KEYWORD1>
		<KEYWORD1>stem</KEYWORD1>
		<KEYWORD1>stepwise</KEYWORD1>
		<KEYWORD1>stereg</KEYWORD1>
		<KEYWORD1>stfill</KEYWORD1>
		<KEYWORD1>stgen</KEYWORD1>
		<KEYWORD1>stinit</KEYWORD1>
		<KEYWORD1>stir</KEYWORD1>
		<KEYWORD1>stjoin</KEYWORD1>
		<KEYWORD1>stmc</KEYWORD1>
		<KEYWORD1>stmh</KEYWORD1>
		<KEYWORD1>stphplot</KEYWORD1>
		<KEYWORD1>stphplot_7</KEYWORD1>
		<KEYWORD1>stphtest</KEYWORD1>
		<KEYWORD1>stphtest_7</KEYWORD1>
		<KEYWORD1>stptime</KEYWORD1>
		<KEYWORD1>strate</KEYWORD1>
		<KEYWORD1>strate_7</KEYWORD1>
		<KEYWORD1>streg</KEYWORD1>
		<KEYWORD1>streg_sw</KEYWORD1>
		<KEYWORD1>streset</KEYWORD1>
		<KEYWORD1>sts</KEYWORD1>
		<KEYWORD1>sts_7</KEYWORD1>
		<KEYWORD1>stset</KEYWORD1>
		<KEYWORD1>stsplit</KEYWORD1>
		<KEYWORD1>stsum</KEYWORD1>
		<KEYWORD1>sttocc</KEYWORD1>
		<KEYWORD1>sttoct</KEYWORD1>
		<KEYWORD1>stvary</KEYWORD1>
		<KEYWORD1>stweib</KEYWORD1>
		<KEYWORD1>su</KEYWORD1>
		<KEYWORD1>subwin</KEYWORD1>
		<KEYWORD1>suest</KEYWORD1>
		<KEYWORD1>suest_8</KEYWORD1>
		<KEYWORD1>sum</KEYWORD1>
		<KEYWORD1>summ</KEYWORD1>
		<KEYWORD1>summa</KEYWORD1>
		<KEYWORD1>summar</KEYWORD1>
		<KEYWORD1>summari</KEYWORD1>
		<KEYWORD1>summariz</KEYWORD1>
		<KEYWORD1>summarize</KEYWORD1>
		<KEYWORD1>sunflower</KEYWORD1>
		<KEYWORD1>sureg</KEYWORD1>
		<KEYWORD1>survcurv</KEYWORD1>
		<KEYWORD1>survsum</KEYWORD1>
		<KEYWORD1>svar</KEYWORD1>
		<KEYWORD1>svar_p</KEYWORD1>
		<KEYWORD1>svmat</KEYWORD1>
		<KEYWORD1>svy</KEYWORD1>
		<KEYWORD1>svy_disp</KEYWORD1>
		<KEYWORD1>svy_dreg</KEYWORD1>
		<KEYWORD1>svy_est</KEYWORD1>
		<KEYWORD1>svy_est_7</KEYWORD1>
		<KEYWORD1>svy_estat</KEYWORD1>
		<KEYWORD1>svy_get</KEYWORD1>
		<KEYWORD1>svy_gnbreg_p</KEYWORD1>
		<KEYWORD1>svy_head</KEYWORD1>
		<KEYWORD1>svy_header</KEYWORD1>
		<KEYWORD1>svy_heckman_p</KEYWORD1>
		<KEYWORD1>svy_heckprob_p</KEYWORD1>
		<KEYWORD1>svy_intreg_p</KEYWORD1>
		<KEYWORD1>svy_ivreg_p</KEYWORD1>
		<KEYWORD1>svy_logistic_p</KEYWORD1>
		<KEYWORD1>svy_logit_p</KEYWORD1>
		<KEYWORD1>svy_mlogit_p</KEYWORD1>
		<KEYWORD1>svy_nbreg_p</KEYWORD1>
		<KEYWORD1>svy_ologit_p</KEYWORD1>
		<KEYWORD1>svy_oprobit_p</KEYWORD1>
		<KEYWORD1>svy_poisson_p</KEYWORD1>
		<KEYWORD1>svy_probit_p</KEYWORD1>
		<KEYWORD1>svy_regress_p</KEYWORD1>
		<KEYWORD1>svy_sub</KEYWORD1>
		<KEYWORD1>svy_sub_7</KEYWORD1>
		<KEYWORD1>svy_x</KEYWORD1>
		<KEYWORD1>svy_x_7</KEYWORD1>
		<KEYWORD1>svy_x_p</KEYWORD1>
		<KEYWORD1>svydes</KEYWORD1>
		<KEYWORD1>svydes_8</KEYWORD1>
		<KEYWORD1>svygen</KEYWORD1>
		<KEYWORD1>svygnbreg</KEYWORD1>
		<KEYWORD1>svyheckman</KEYWORD1>
		<KEYWORD1>svyheckprob</KEYWORD1>
		<KEYWORD1>svyintreg</KEYWORD1>
		<KEYWORD1>svyintreg_7</KEYWORD1>
		<KEYWORD1>svyintrg</KEYWORD1>
		<KEYWORD1>svyivreg</KEYWORD1>
		<KEYWORD1>svylc</KEYWORD1>
		<KEYWORD1>svylog_p</KEYWORD1>
		<KEYWORD1>svylogit</KEYWORD1>
		<KEYWORD1>svymarkout</KEYWORD1>
		<KEYWORD1>svymarkout_8</KEYWORD1>
		<KEYWORD1>svymean</KEYWORD1>
		<KEYWORD1>svymlog</KEYWORD1>
		<KEYWORD1>svymlogit</KEYWORD1>
		<KEYWORD1>svynbreg</KEYWORD1>
		<KEYWORD1>svyolog</KEYWORD1>
		<KEYWORD1>svyologit</KEYWORD1>
		<KEYWORD1>svyoprob</KEYWORD1>
		<KEYWORD1>svyoprobit</KEYWORD1>
		<KEYWORD1>svyopts</KEYWORD1>
		<KEYWORD1>svypois</KEYWORD1>
		<KEYWORD1>svypois_7</KEYWORD1>
		<KEYWORD1>svypoisson</KEYWORD1>
		<KEYWORD1>svyprobit</KEYWORD1>
		<KEYWORD1>svyprobt</KEYWORD1>
		<KEYWORD1>svyprop</KEYWORD1>
		<KEYWORD1>svyprop_7</KEYWORD1>
		<KEYWORD1>svyratio</KEYWORD1>
		<KEYWORD1>svyreg</KEYWORD1>
		<KEYWORD1>svyreg_p</KEYWORD1>
		<KEYWORD1>svyregress</KEYWORD1>
		<KEYWORD1>svyset</KEYWORD1>
		<KEYWORD1>svyset_7</KEYWORD1>
		<KEYWORD1>svyset_8</KEYWORD1>
		<KEYWORD1>svytab</KEYWORD1>
		<KEYWORD1>svytab_7</KEYWORD1>
		<KEYWORD1>svytest</KEYWORD1>
		<KEYWORD1>svytotal</KEYWORD1>
		<KEYWORD1>sw</KEYWORD1>
		<KEYWORD1>sw_8</KEYWORD1>
		<KEYWORD1>swcnreg</KEYWORD1>
		<KEYWORD1>swcox</KEYWORD1>
		<KEYWORD1>swereg</KEYWORD1>
		<KEYWORD1>swilk</KEYWORD1>
		<KEYWORD1>swlogis</KEYWORD1>
		<KEYWORD1>swlogit</KEYWORD1>
		<KEYWORD1>swologit</KEYWORD1>
		<KEYWORD1>swoprbt</KEYWORD1>
		<KEYWORD1>swpois</KEYWORD1>
		<KEYWORD1>swprobit</KEYWORD1>
		<KEYWORD1>swqreg</KEYWORD1>
		<KEYWORD1>swtobit</KEYWORD1>
		<KEYWORD1>swweib</KEYWORD1>
		<KEYWORD1>symmetry</KEYWORD1>
		<KEYWORD1>symmi</KEYWORD1>
		<KEYWORD1>symplot</KEYWORD1>
		<KEYWORD1>symplot_7</KEYWORD1>
		<KEYWORD1>syntax</KEYWORD1>
		<KEYWORD1>sysdescribe</KEYWORD1>
		<KEYWORD1>sysuse</KEYWORD1>
		<KEYWORD1>szroeter</KEYWORD1>
		<KEYWORD1>ta</KEYWORD1>
		<KEYWORD1>tab</KEYWORD1>
		<KEYWORD1>tab1</KEYWORD1>
		<KEYWORD1>tab2</KEYWORD1>
		<KEYWORD1>tab_or</KEYWORD1>
		<KEYWORD1>tabd</KEYWORD1>
		<KEYWORD1>tabdi</KEYWORD1>
		<KEYWORD1>tabdis</KEYWORD1>
		<KEYWORD1>tabdisp</KEYWORD1>
		<KEYWORD1>tabi</KEYWORD1>
		<KEYWORD1>table</KEYWORD1>
		<KEYWORD1>tabodds</KEYWORD1>
		<KEYWORD1>tabodds_7</KEYWORD1>
		<KEYWORD1>tabstat</KEYWORD1>
		<KEYWORD1>tabu</KEYWORD1>
		<KEYWORD1>tabul</KEYWORD1>
		<KEYWORD1>tabula</KEYWORD1>
		<KEYWORD1>tabulat</KEYWORD1>
		<KEYWORD1>tabulate</KEYWORD1>
		<KEYWORD1>te</KEYWORD1>
		<KEYWORD1>tempfile</KEYWORD1>
		<KEYWORD1>tempname</KEYWORD1>
		<KEYWORD1>tempvar</KEYWORD1>
		<KEYWORD1>tes</KEYWORD1>
		<KEYWORD1>test</KEYWORD1>
		<KEYWORD1>testnl</KEYWORD1>
		<KEYWORD1>testparm</KEYWORD1>
		<KEYWORD1>teststd</KEYWORD1>
		<KEYWORD1>tetrachoric</KEYWORD1>
		<KEYWORD1>time_it</KEYWORD1>
		<KEYWORD1>timer</KEYWORD1>
		<KEYWORD1>tis</KEYWORD1>
		<KEYWORD1>tob</KEYWORD1>
		<KEYWORD1>tobi</KEYWORD1>
		<KEYWORD1>tobit</KEYWORD1>
		<KEYWORD1>tobit_p</KEYWORD1>
		<KEYWORD1>tobit_sw</KEYWORD1>
		<KEYWORD1>token</KEYWORD1>
		<KEYWORD1>tokeni</KEYWORD1>
		<KEYWORD1>tokeniz</KEYWORD1>
		<KEYWORD1>tokenize</KEYWORD1>
		<KEYWORD1>tostring</KEYWORD1>
		<KEYWORD1>total</KEYWORD1>
		<KEYWORD1>touch</KEYWORD1>
		<KEYWORD1>treat_ll</KEYWORD1>
		<KEYWORD1>treatr_p</KEYWORD1>
		<KEYWORD1>treatreg</KEYWORD1>
		<KEYWORD1>trim</KEYWORD1>
		<KEYWORD1>trnb_cons</KEYWORD1>
		<KEYWORD1>trnb_mean</KEYWORD1>
		<KEYWORD1>trpoiss_d2</KEYWORD1>
		<KEYWORD1>trunc_ll</KEYWORD1>
		<KEYWORD1>truncr_p</KEYWORD1>
		<KEYWORD1>truncreg</KEYWORD1>
		<KEYWORD1>tsappend</KEYWORD1>
		<KEYWORD1>tset</KEYWORD1>
		<KEYWORD1>tsfill</KEYWORD1>
		<KEYWORD1>tsline</KEYWORD1>
		<KEYWORD1>tsline_ex</KEYWORD1>
		<KEYWORD1>tsreport</KEYWORD1>
		<KEYWORD1>tsrevar</KEYWORD1>
		<KEYWORD1>tsrline</KEYWORD1>
		<KEYWORD1>tsset</KEYWORD1>
		<KEYWORD1>tssmooth</KEYWORD1>
		<KEYWORD1>tsunab</KEYWORD1>
		<KEYWORD1>ttest</KEYWORD1>
		<KEYWORD1>ttesti</KEYWORD1>
		<KEYWORD1>tut_chk</KEYWORD1>
		<KEYWORD1>tut_wait</KEYWORD1>
		<KEYWORD1>tutorial</KEYWORD1>
		<KEYWORD1>tw</KEYWORD1>
		<KEYWORD1>tware_st</KEYWORD1>
		<KEYWORD1>two</KEYWORD1>
		<KEYWORD1>twoway</KEYWORD1>
		<KEYWORD1>twoway__fpfit_serset</KEYWORD1>
		<KEYWORD1>twoway__function_gen</KEYWORD1>
		<KEYWORD1>twoway__histogram_gen</KEYWORD1>
		<KEYWORD1>twoway__ipoint_serset</KEYWORD1>
		<KEYWORD1>twoway__ipoints_serset</KEYWORD1>
		<KEYWORD1>twoway__kdensity_gen</KEYWORD1>
		<KEYWORD1>twoway__lfit_serset</KEYWORD1>
		<KEYWORD1>twoway__normgen_gen</KEYWORD1>
		<KEYWORD1>twoway__pci_serset</KEYWORD1>
		<KEYWORD1>twoway__qfit_serset</KEYWORD1>
		<KEYWORD1>twoway__scatteri_serset</KEYWORD1>
		<KEYWORD1>twoway__sunflower_gen</KEYWORD1>
		<KEYWORD1>twoway_ksm_serset</KEYWORD1>
		<KEYWORD1>ty</KEYWORD1>
		<KEYWORD1>typ</KEYWORD1>
		<KEYWORD1>type</KEYWORD1>
		<KEYWORD1>typeof</KEYWORD1>
		<KEYWORD1>u</KEYWORD1>
		<KEYWORD1>unab</KEYWORD1>
		<KEYWORD1>unabbrev</KEYWORD1>
		<KEYWORD1>unidiff</KEYWORD1>
		<KEYWORD1>update</KEYWORD1>
		<KEYWORD1>us</KEYWORD1>
		<KEYWORD1>uselabel</KEYWORD1>
		<KEYWORD1>var</KEYWORD1>
		<KEYWORD1>var_mkcompanion</KEYWORD1>
		<KEYWORD1>var_p</KEYWORD1>
		<KEYWORD1>varbasic</KEYWORD1>
		<KEYWORD1>varfcast</KEYWORD1>
		<KEYWORD1>vargranger</KEYWORD1>
		<KEYWORD1>varirf</KEYWORD1>
		<KEYWORD1>varirf_add</KEYWORD1>
		<KEYWORD1>varirf_cgraph</KEYWORD1>
		<KEYWORD1>varirf_create</KEYWORD1>
		<KEYWORD1>varirf_ctable</KEYWORD1>
		<KEYWORD1>varirf_describe</KEYWORD1>
		<KEYWORD1>varirf_dir</KEYWORD1>
		<KEYWORD1>varirf_drop</KEYWORD1>
		<KEYWORD1>varirf_erase</KEYWORD1>
		<KEYWORD1>varirf_graph</KEYWORD1>
		<KEYWORD1>varirf_ograph</KEYWORD1>
		<KEYWORD1>varirf_rename</KEYWORD1>
		<KEYWORD1>varirf_set</KEYWORD1>
		<KEYWORD1>varirf_table</KEYWORD1>
		<KEYWORD1>varlmar</KEYWORD1>
		<KEYWORD1>varnorm</KEYWORD1>
		<KEYWORD1>varsoc</KEYWORD1>
		<KEYWORD1>varstable</KEYWORD1>
		<KEYWORD1>varstable_w</KEYWORD1>
		<KEYWORD1>varstable_w2</KEYWORD1>
		<KEYWORD1>varwle</KEYWORD1>
		<KEYWORD1>vce</KEYWORD1>
		<KEYWORD1>vec</KEYWORD1>
		<KEYWORD1>vec_fevd</KEYWORD1>
		<KEYWORD1>vec_mkphi</KEYWORD1>
		<KEYWORD1>vec_p</KEYWORD1>
		<KEYWORD1>vec_p_w</KEYWORD1>
		<KEYWORD1>vecirf_create</KEYWORD1>
		<KEYWORD1>veclmar</KEYWORD1>
		<KEYWORD1>veclmar_w</KEYWORD1>
		<KEYWORD1>vecnorm</KEYWORD1>
		<KEYWORD1>vecnorm_w</KEYWORD1>
		<KEYWORD1>vecrank</KEYWORD1>
		<KEYWORD1>vecstable</KEYWORD1>
		<KEYWORD1>verinst</KEYWORD1>
		<KEYWORD1>vers</KEYWORD1>
		<KEYWORD1>versi</KEYWORD1>
		<KEYWORD1>versio</KEYWORD1>
		<KEYWORD1>version</KEYWORD1>
		<KEYWORD1>viewsource</KEYWORD1>
		<KEYWORD1>vif</KEYWORD1>
		<KEYWORD1>vwls</KEYWORD1>
		<KEYWORD1>wdatetof</KEYWORD1>
		<KEYWORD1>wdctl</KEYWORD1>
		<KEYWORD1>wdlg</KEYWORD1>
		<KEYWORD1>wdupdate</KEYWORD1>
		<KEYWORD1>webdescribe</KEYWORD1>
		<KEYWORD1>webseek</KEYWORD1>
		<KEYWORD1>webuse</KEYWORD1>
		<KEYWORD1>weib1_lf</KEYWORD1>
		<KEYWORD1>weib2_lf</KEYWORD1>
		<KEYWORD1>weib_lf</KEYWORD1>
		<KEYWORD1>weib_lf0</KEYWORD1>
		<KEYWORD1>weibhet_glf</KEYWORD1>
		<KEYWORD1>weibhet_glf_sh</KEYWORD1>
		<KEYWORD1>weibhet_glfa</KEYWORD1>
		<KEYWORD1>weibhet_glfa_sh</KEYWORD1>
		<KEYWORD1>weibhet_gp</KEYWORD1>
		<KEYWORD1>weibhet_ilf</KEYWORD1>
		<KEYWORD1>weibhet_ilf_sh</KEYWORD1>
		<KEYWORD1>weibhet_ilfa</KEYWORD1>
		<KEYWORD1>weibhet_ilfa_sh</KEYWORD1>
		<KEYWORD1>weibhet_ip</KEYWORD1>
		<KEYWORD1>weibu_sw</KEYWORD1>
		<KEYWORD1>weibul_p</KEYWORD1>
		<KEYWORD1>weibull</KEYWORD1>
		<KEYWORD1>weibull_c</KEYWORD1>
		<KEYWORD1>weibull_s</KEYWORD1>
		<KEYWORD1>weibullhet</KEYWORD1>
		<KEYWORD1>wh</KEYWORD1>
		<KEYWORD1>whelp</KEYWORD1>
		<KEYWORD1>whi</KEYWORD1>
		<KEYWORD1>whic</KEYWORD1>
		<KEYWORD1>which</KEYWORD1>
		<KEYWORD1>who</KEYWORD1>
		<KEYWORD1>wilc_st</KEYWORD1>
		<KEYWORD1>wilcoxon</KEYWORD1>
		<KEYWORD1>win</KEYWORD1>
		<KEYWORD1>wind</KEYWORD1>
		<KEYWORD1>windo</KEYWORD1>
		<KEYWORD1>window</KEYWORD1>
		<KEYWORD1>winexec</KEYWORD1>
		<KEYWORD1>wmenu</KEYWORD1>
		<KEYWORD1>wntestb</KEYWORD1>
		<KEYWORD1>wntestb_7</KEYWORD1>
		<KEYWORD1>wntestq</KEYWORD1>
		<KEYWORD1>xchart</KEYWORD1>
		<KEYWORD1>xchart_7</KEYWORD1>
		<KEYWORD1>xcorr</KEYWORD1>
		<KEYWORD1>xcorr_7</KEYWORD1>
		<KEYWORD1>xi</KEYWORD1>
		<KEYWORD1>xi_6</KEYWORD1>
		<KEYWORD1>xpose</KEYWORD1>
		<KEYWORD1>xt_iis</KEYWORD1>
		<KEYWORD1>xt_tis</KEYWORD1>
		<KEYWORD1>xtab_p</KEYWORD1>
		<KEYWORD1>xtabond</KEYWORD1>
		<KEYWORD1>xtabond2</KEYWORD1>
		<KEYWORD1>xtbin_p</KEYWORD1>
		<KEYWORD1>xtclog</KEYWORD1>
		<KEYWORD1>xtcloglog</KEYWORD1>
		<KEYWORD1>xtcloglog_8</KEYWORD1>
		<KEYWORD1>xtcloglog_d2</KEYWORD1>
		<KEYWORD1>xtcloglog_pa_p</KEYWORD1>
		<KEYWORD1>xtcloglog_re_p</KEYWORD1>
		<KEYWORD1>xtcnt_p</KEYWORD1>
		<KEYWORD1>xtcorr</KEYWORD1>
		<KEYWORD1>xtdata</KEYWORD1>
		<KEYWORD1>xtdes</KEYWORD1>
		<KEYWORD1>xtdpdsys</KEYWORD1>
		<KEYWORD1>xtfisher</KEYWORD1>
		<KEYWORD1>xtfront_p</KEYWORD1>
		<KEYWORD1>xtfrontier</KEYWORD1>
		<KEYWORD1>xtgee</KEYWORD1>
		<KEYWORD1>xtgee_elink</KEYWORD1>
		<KEYWORD1>xtgee_estat</KEYWORD1>
		<KEYWORD1>xtgee_makeivar</KEYWORD1>
		<KEYWORD1>xtgee_p</KEYWORD1>
		<KEYWORD1>xtgee_plink</KEYWORD1>
		<KEYWORD1>xtgls</KEYWORD1>
		<KEYWORD1>xtgls_p</KEYWORD1>
		<KEYWORD1>xthaus</KEYWORD1>
		<KEYWORD1>xthausman</KEYWORD1>
		<KEYWORD1>xtht_p</KEYWORD1>
		<KEYWORD1>xthtaylor</KEYWORD1>
		<KEYWORD1>xtile</KEYWORD1>
		<KEYWORD1>xtint_p</KEYWORD1>
		<KEYWORD1>xtintreg</KEYWORD1>
		<KEYWORD1>xtintreg_8</KEYWORD1>
		<KEYWORD1>xtintreg_d2</KEYWORD1>
		<KEYWORD1>xtintreg_p</KEYWORD1>
		<KEYWORD1>xtivp_1</KEYWORD1>
		<KEYWORD1>xtivp_2</KEYWORD1>
		<KEYWORD1>xtivreg</KEYWORD1>
		<KEYWORD1>xtline</KEYWORD1>
		<KEYWORD1>xtline_ex</KEYWORD1>
		<KEYWORD1>xtlogit</KEYWORD1>
		<KEYWORD1>xtlogit_8</KEYWORD1>
		<KEYWORD1>xtlogit_d2</KEYWORD1>
		<KEYWORD1>xtlogit_fe_p</KEYWORD1>
		<KEYWORD1>xtlogit_pa_p</KEYWORD1>
		<KEYWORD1>xtlogit_re_p</KEYWORD1>
		<KEYWORD1>xtlsdvc</KEYWORD1>
		<KEYWORD1>xtmixed</KEYWORD1>
		<KEYWORD1>xtmixed_estat</KEYWORD1>
		<KEYWORD1>xtmixed_p</KEYWORD1>
		<KEYWORD1>xtnb_fe</KEYWORD1>
		<KEYWORD1>xtnb_lf</KEYWORD1>
		<KEYWORD1>xtnbreg</KEYWORD1>
		<KEYWORD1>xtnbreg_pa_p</KEYWORD1>
		<KEYWORD1>xtnbreg_refe_p</KEYWORD1>
		<KEYWORD1>xtpcse</KEYWORD1>
		<KEYWORD1>xtpcse_p</KEYWORD1>
		<KEYWORD1>xtpois</KEYWORD1>
		<KEYWORD1>xtpoisson</KEYWORD1>
		<KEYWORD1>xtpoisson_d2</KEYWORD1>
		<KEYWORD1>xtpoisson_pa_p</KEYWORD1>
		<KEYWORD1>xtpoisson_refe_p</KEYWORD1>
		<KEYWORD1>xtpred</KEYWORD1>
		<KEYWORD1>xtprobit</KEYWORD1>
		<KEYWORD1>xtprobit_8</KEYWORD1>
		<KEYWORD1>xtprobit_d2</KEYWORD1>
		<KEYWORD1>xtprobit_re_p</KEYWORD1>
		<KEYWORD1>xtps_fe</KEYWORD1>
		<KEYWORD1>xtps_lf</KEYWORD1>
		<KEYWORD1>xtps_ren</KEYWORD1>
		<KEYWORD1>xtps_ren_8</KEYWORD1>
		<KEYWORD1>xtrar_p</KEYWORD1>
		<KEYWORD1>xtrc</KEYWORD1>
		<KEYWORD1>xtrc_p</KEYWORD1>
		<KEYWORD1>xtrch_p</KEYWORD1>
		<KEYWORD1>xtrchh</KEYWORD1>
		<KEYWORD1>xtrefe_p</KEYWORD1>
		<KEYWORD1>xtreg</KEYWORD1>
		<KEYWORD1>xtreg_be</KEYWORD1>
		<KEYWORD1>xtreg_fe</KEYWORD1>
		<KEYWORD1>xtreg_ml</KEYWORD1>
		<KEYWORD1>xtreg_pa_p</KEYWORD1>
		<KEYWORD1>xtreg_re</KEYWORD1>
		<KEYWORD1>xtregar</KEYWORD1>
		<KEYWORD1>xtrere_p</KEYWORD1>
		<KEYWORD1>xtserial</KEYWORD1>
		<KEYWORD1>xtset</KEYWORD1>
		<KEYWORD1>xtsf_ll</KEYWORD1>
		<KEYWORD1>xtsf_llti</KEYWORD1>
		<KEYWORD1>xtsum</KEYWORD1>
		<KEYWORD1>xttab</KEYWORD1>
		<KEYWORD1>xttest0</KEYWORD1>
		<KEYWORD1>xttest2</KEYWORD1>
		<KEYWORD1>xttest3</KEYWORD1>
		<KEYWORD1>xttobit</KEYWORD1>
		<KEYWORD1>xttobit_8</KEYWORD1>
		<KEYWORD1>xttobit_p</KEYWORD1>
		<KEYWORD1>xttrans</KEYWORD1>
		<KEYWORD1>xwin</KEYWORD1>
		<KEYWORD1>xwind</KEYWORD1>
		<KEYWORD1>xwindo</KEYWORD1>
		<KEYWORD1>xwindow</KEYWORD1>
		<KEYWORD1>y_ado</KEYWORD1>
		<KEYWORD1>yx</KEYWORD1>
		<KEYWORD1>yxview__barlike_draw</KEYWORD1>
		<KEYWORD1>yxview_area_draw</KEYWORD1>
		<KEYWORD1>yxview_bar_draw</KEYWORD1>
		<KEYWORD1>yxview_dot_draw</KEYWORD1>
		<KEYWORD1>yxview_dropline_draw</KEYWORD1>
		<KEYWORD1>yxview_function_draw</KEYWORD1>
		<KEYWORD1>yxview_iarrow_draw</KEYWORD1>
		<KEYWORD1>yxview_ilabels_draw</KEYWORD1>
		<KEYWORD1>yxview_normal_draw</KEYWORD1>
		<KEYWORD1>yxview_pcarrow_draw</KEYWORD1>
		<KEYWORD1>yxview_pcbarrow_draw</KEYWORD1>
		<KEYWORD1>yxview_pccapsym_draw</KEYWORD1>
		<KEYWORD1>yxview_pcscatter_draw</KEYWORD1>
		<KEYWORD1>yxview_pcspike_draw</KEYWORD1>
		<KEYWORD1>yxview_rarea_draw</KEYWORD1>
		<KEYWORD1>yxview_rbar_draw</KEYWORD1>
		<KEYWORD1>yxview_rbarm_draw</KEYWORD1>
		<KEYWORD1>yxview_rcap_draw</KEYWORD1>
		<KEYWORD1>yxview_rcapsym_draw</KEYWORD1>
		<KEYWORD1>yxview_rconnected_draw</KEYWORD1>
		<KEYWORD1>yxview_rline_draw</KEYWORD1>
		<KEYWORD1>yxview_rscatter_draw</KEYWORD1>
		<KEYWORD1>yxview_rspike_draw</KEYWORD1>
		<KEYWORD1>yxview_spike_draw</KEYWORD1>
		<KEYWORD1>yxview_sunflower_draw</KEYWORD1>
		<KEYWORD1>zap_s</KEYWORD1>
		<KEYWORD1>zinb</KEYWORD1>
		<KEYWORD1>zinb_llf</KEYWORD1>
		<KEYWORD1>zinb_plf</KEYWORD1>
		<KEYWORD1>zip</KEYWORD1>
		<KEYWORD1>zip_llf</KEYWORD1>
		<KEYWORD1>zip_p</KEYWORD1>
		<KEYWORD1>zip_plf</KEYWORD1>
		<KEYWORD1>zt_ct_5</KEYWORD1>
		<KEYWORD1>zt_hc_5</KEYWORD1>
		<KEYWORD1>zt_hcd_5</KEYWORD1>
		<KEYWORD1>zt_is_5</KEYWORD1>
		<KEYWORD1>zt_iss_5</KEYWORD1>
		<KEYWORD1>zt_sho_5</KEYWORD1>
		<KEYWORD1>zt_smp_5</KEYWORD1>
		<KEYWORD1>ztbase_5</KEYWORD1>
		<KEYWORD1>ztcox_5</KEYWORD1>
		<KEYWORD1>ztdes_5</KEYWORD1>
		<KEYWORD1>ztereg_5</KEYWORD1>
		<KEYWORD1>ztfill_5</KEYWORD1>
		<KEYWORD1>ztgen_5</KEYWORD1>
		<KEYWORD1>ztir_5</KEYWORD1>
		<KEYWORD1>ztjoin_5</KEYWORD1>
		<KEYWORD1>ztnb</KEYWORD1>
		<KEYWORD1>ztnb_p</KEYWORD1>
		<KEYWORD1>ztp</KEYWORD1>
		<KEYWORD1>ztp_p</KEYWORD1>
		<KEYWORD1>zts_5</KEYWORD1>
		<KEYWORD1>ztset_5</KEYWORD1>
		<KEYWORD1>ztspli_5</KEYWORD1>
		<KEYWORD1>ztsum_5</KEYWORD1>
		<KEYWORD1>zttoct_5</KEYWORD1>
		<KEYWORD1>ztvary_5</KEYWORD1>
		<KEYWORD1>ztweib_5</KEYWORD1>

		<!-- display ) -->
		<KEYWORD1>inp</KEYWORD1>
		<KEYWORD1>res</KEYWORD1>
		<KEYWORD1>txt</KEYWORD1>
		

		
		<!-- Survival Model keywords (recent addons ) -->
		<KEYWORD1>basec</KEYWORD1>
		<KEYWORD1>basechazard</KEYWORD1>
		<KEYWORD1>basehc</KEYWORD1>
		<KEYWORD1>bases</KEYWORD1>
		<KEYWORD1>basesurv</KEYWORD1>
		<KEYWORD1>eff</KEYWORD1>
		<KEYWORD1>effects</KEYWORD1>
		<KEYWORD1>esr</KEYWORD1>
		<KEYWORD1>tvc</KEYWORD1>
		<KEYWORD1>strata</KEYWORD1>
		<KEYWORD1>efron</KEYWORD1>
		<KEYWORD1>shared</KEYWORD1>
		<KEYWORD1>sh</KEYWORD1>
		<KEYWORD1>offset</KEYWORD1>
		<KEYWORD1>breslow</KEYWORD1>
		<KEYWORD1>bre</KEYWORD1>	
		<KEYWORD1>texp</KEYWORD1>
		<KEYWORD1>exactm</KEYWORD1>
		<KEYWORD1>exactp</KEYWORD1>
		<KEYWORD1>con</KEYWORD1>
		<KEYWORD1>noadjust</KEYWORD1>
		<KEYWORD1>noadj</KEYWORD1>		
		<KEYWORD1>noshow</KEYWORD1>
		<KEYWORD1>nosh</KEYWORD1>
		<KEYWORD1>mgale</KEYWORD1>
		<KEYWORD1>mg</KEYWORD1>
		<KEYWORD1>phtest</KEYWORD1>
		<KEYWORD1>sch</KEYWORD1>
		<KEYWORD1>schoenfeld</KEYWORD1>
		<KEYWORD1>scaledsch</KEYWORD1>
		<KEYWORD1>sca</KEYWORD1>
		<KEYWORD1>stphplot</KEYWORD1>
		<KEYWORD1>stcoxkm</KEYWORD1>
		<KEYWORD1>z</KEYWORD1>
		<KEYWORD1>zero</KEYWORD1>
		<KEYWORD1>noneg</KEYWORD1>
		<KEYWORD1>nonegative</KEYWORD1>
		<KEYWORD1>nolnt</KEYWORD1>
		<KEYWORD1>nolntime</KEYWORD1>
		<KEYWORD1>addplot</KEYWORD1>
		<KEYWORD1>ties</KEYWORD1>
		<KEYWORD1>tie</KEYWORD1>
		<KEYWORD1>sep</KEYWORD1>
		<KEYWORD1>separate</KEYWORD1>		

		<!-- Some add-on ado packages: -->		
		<KEYWORD1>_gsqelemcount</KEYWORD1>
		<KEYWORD1>_gsqepicount</KEYWORD1>
		<KEYWORD1>_gsqgapcount</KEYWORD1>
		<KEYWORD1>_gsqgaplength</KEYWORD1>
		<KEYWORD1>_gsqitemcount</KEYWORD1>
		<KEYWORD1>_gsqlength</KEYWORD1>
		<KEYWORD1>est2one</KEYWORD1>
		<KEYWORD1>est2rowlbl</KEYWORD1>
		<KEYWORD1>est2tex</KEYWORD1>
		<KEYWORD1>est2vec</KEYWORD1>
		<KEYWORD1>estsimp</KEYWORD1>
		<KEYWORD1>maketex</KEYWORD1>
		<KEYWORD1>matload</KEYWORD1>
		<KEYWORD1>matsave</KEYWORD1>
		<KEYWORD1>newey2</KEYWORD1>
		<KEYWORD1>outtable</KEYWORD1>
		<KEYWORD1>outtable7</KEYWORD1>
		<KEYWORD1>outtex</KEYWORD1>
		<KEYWORD1>outtex6</KEYWORD1>
		<KEYWORD1>relogit</KEYWORD1>
		<KEYWORD1>relogitq</KEYWORD1>
		<KEYWORD1>renvars</KEYWORD1>
		<KEYWORD1>setx</KEYWORD1>
		<KEYWORD1>setxhl</KEYWORD1>
		<KEYWORD1>simqi</KEYWORD1>
		<KEYWORD1>sp_adj</KEYWORD1>
		<KEYWORD1>spbase</KEYWORD1>
		<KEYWORD1>spline</KEYWORD1>
		<KEYWORD1>sqclusterdat</KEYWORD1>
		<KEYWORD1>sqclustermat</KEYWORD1>
		<KEYWORD1>sqdes</KEYWORD1>
		<KEYWORD1>sqindexplot</KEYWORD1>
		<KEYWORD1>sqom</KEYWORD1>
		<KEYWORD1>sqparcoord</KEYWORD1>
		<KEYWORD1>sqset</KEYWORD1>
		<KEYWORD1>sqstatlist</KEYWORD1>
		<KEYWORD1>sqstatsum</KEYWORD1>
		<KEYWORD1>sqstattab1</KEYWORD1>
		<KEYWORD1>sqstattab2</KEYWORD1>
		<KEYWORD1>sqstattabsum</KEYWORD1>
		<KEYWORD1>sqtab</KEYWORD1>
		<KEYWORD1>sumqi</KEYWORD1>
		<KEYWORD1>sutex</KEYWORD1>
		<KEYWORD1>sutex6</KEYWORD1>
		<KEYWORD1>tlogit</KEYWORD1>
		<KEYWORD1>xtfevd</KEYWORD1>	
		<KEYWORD1>xtserial</KEYWORD1>
		<KEYWORD1>xttest1</KEYWORD1>

		<!-- options: -->
		<KEYWORD1>nokeep</KEYWORD1>
		<KEYWORD1>fe</KEYWORD1>
		<KEYWORD1>re</KEYWORD1>
		<KEYWORD1>pairwise</KEYWORD1>
		<KEYWORD1>gmm</KEYWORD1>
		<KEYWORD1>distribution</KEYWORD1>
		<KEYWORD1>loglogistic</KEYWORD1>
		<KEYWORD1>lognormal</KEYWORD1>
		<KEYWORD1>exponential</KEYWORD1>
		<KEYWORD1>nohr</KEYWORD1>
		<KEYWORD1>schoenfeld</KEYWORD1>
		<KEYWORD1>scaledsch</KEYWORD1>
		<KEYWORD1>basechazard</KEYWORD1>
		<KEYWORD1>basesurv</KEYWORD1>
		<KEYWORD1>basehc</KEYWORD1>
		<KEYWORD1>esr</KEYWORD1>
		<KEYWORD1>time0</KEYWORD1>
		<KEYWORD1>origin</KEYWORD1>

		<!-- graphing options: -->
		<KEYWORD1>dropline</KEYWORD1>
		<KEYWORD1>bar</KEYWORD1>
		<KEYWORD1>hbar</KEYWORD1>
		<KEYWORD1>allc</KEYWORD1>
		<KEYWORD1>allcategories</KEYWORD1>
		<KEYWORD1>yalt</KEYWORD1>
		<KEYWORD1>xalt</KEYWORD1>
		<KEYWORD1>yalternate</KEYWORD1>
		<KEYWORD1>xalternate</KEYWORD1>
		<KEYWORD1>exclude0</KEYWORD1>
		<KEYWORD1>yrev</KEYWORD1>
		<KEYWORD1>yreverse</KEYWORD1>
		<KEYWORD1>blab</KEYWORD1>
		<KEYWORD1>blabel</KEYWORD1>
		<KEYWORD1>yvar</KEYWORD1>
		<KEYWORD1>yvaroptions</KEYWORD1>
		<KEYWORD1>nolabel</KEYWORD1>
		<KEYWORD1>nolab</KEYWORD1>
		<KEYWORD1>dot</KEYWORD1>
		<KEYWORD1>box</KEYWORD1>
		<KEYWORD1>pie</KEYWORD1>
		<KEYWORD1>combine</KEYWORD1>
		<KEYWORD1>printcolor</KEYWORD1>
		<KEYWORD1>yax</KEYWORD1>
		<KEYWORD1>xax</KEYWORD1>
		<KEYWORD1>yaxis</KEYWORD1>
		<KEYWORD1>xaxis</KEYWORD1>
		<KEYWORD1>legend</KEYWORD1>
		<KEYWORD1>msymbol</KEYWORD1>
		<KEYWORD1>ytic</KEYWORD1>
		<KEYWORD1>xtic</KEYWORD1>
		<KEYWORD1>ytick</KEYWORD1>
		<KEYWORD1>xtick</KEYWORD1>
		<KEYWORD1>lpattern</KEYWORD1>
		<KEYWORD1>ti</KEYWORD1>
		<KEYWORD1>tick</KEYWORD1>
		<KEYWORD1>mlab</KEYWORD1>
		<KEYWORD1>mlabel</KEYWORD1>
		<KEYWORD1>mtick</KEYWORD1>
		<KEYWORD1>mtic</KEYWORD1>
		<KEYWORD1>yscale</KEYWORD1>
		<KEYWORD1>xscale</KEYWORD1>
		<KEYWORD1>tscale</KEYWORD1>
		<KEYWORD1>ysc</KEYWORD1>
		<KEYWORD1>xsc</KEYWORD1>
		<KEYWORD1>tsc</KEYWORD1>
		<KEYWORD1>ylab</KEYWORD1>
		<KEYWORD1>xlab</KEYWORD1>
		<KEYWORD1>ylabel</KEYWORD1>
		<KEYWORD1>xlabel</KEYWORD1>
		<KEYWORD1>yti</KEYWORD1>
		<KEYWORD1>xti</KEYWORD1>
		<KEYWORD1>ytitle</KEYWORD1>
		<KEYWORD1>xtitle</KEYWORD1>		
		</KEYWORDS>
		
	</RULES>

	
<!-- Rule sets for strings, macros, quotes -->
	<RULES SET="STRINGMACRO"> 
		<SPAN TYPE="LITERAL3" DELEGATE="COM-QUOTE"><BEGIN>`"</BEGIN><END>"'</END></SPAN> 
		<SPAN TYPE="LITERAL1" DELEGATE="DUB-QUOTE"><BEGIN>"</BEGIN><END>"</END></SPAN>
		<IMPORT DELEGATE="MACROS"/>
	</RULES>
	
	<!-- COM-Quotes are highlighted as LITERAL3 - except:functions and macros -->
	<RULES SET="COM-QUOTE" 
		DEFAULT="LITERAL3"
		>
		<MARK_PREVIOUS TYPE="FUNCTION" MATCH_TYPE="FUNCTION">(</MARK_PREVIOUS>
		<SEQ TYPE="FUNCTION">)</SEQ>
		<IMPORT DELEGATE="MACROS"/>
	</RULES>
	
	<!-- DUB-Quotes are highlighted as LITERAL1 - except: macros -->
	<RULES SET="DUB-QUOTE" 
		DEFAULT="LITERAL1"
		>
		<IMPORT DELEGATE="MACROS"/>
	</RULES>
	
	<!-- MACTROS are highlighted as LITERAL4:-->	
	<RULES SET="MACROS" 
		DEFAULT="LITERAL4"
		>
		<SPAN TYPE="LITERAL4" DELEGATE="EXPRESSION">
			<BEGIN>`=</BEGIN><END>'</END></SPAN>
		<SPAN TYPE="LITERAL4" DELEGATE="GIVEUP">
			<BEGIN>`:</BEGIN><END>'</END></SPAN>
		<SPAN TYPE="LITERAL4" DELEGATE="MACROS">
			<BEGIN>`</BEGIN><END>'</END></SPAN>
		<SEQ_REGEXP TYPE="LITERAL4" HASH_CHAR="$">\$[a-zA-Z]\w*</SEQ_REGEXP> 
	</RULES> 
	
	<RULES SET="EXPRESSION" 
		DEFAULT="NULL" 
		HIGHLIGHT_DIGITS="TRUE"
		>
		<SPAN_REGEXP TYPE="FUNCTION" DELEGATE="EXPRESSION" HASH_CHARS="abcdefghijklmnopqrstuvwxyz_"><BEGIN>\w*\(</BEGIN><END>)</END></SPAN_REGEXP>
		<IMPORT DELEGATE="STRINGMACRO"/>
	</RULES>

	<RULES SET="GIVEUP" 
		DEFAULT="NULL"
		>
		<IMPORT DELEGATE="STRINGMACRO"/>
	</RULES>

</MODE>
